comparison,label,threshold,n,spearman,spearman_p,pearson
a,WI-38 replicative ATAC vs GM21 OIS ATAC,0.0,131093,-0.12413721457947209,0.0,-0.10401370694233204
a,WI-38 replicative ATAC vs GM21 OIS ATAC,0.25,119811,-0.12391089436658156,0.0,-0.1041055774978395
a,WI-38 replicative ATAC vs GM21 OIS ATAC,0.5,93989,-0.122977079376906,0.0,-0.10746299827819335
a,WI-38 replicative ATAC vs GM21 OIS ATAC,1.0,46977,-0.11713028105336458,3.820636806833453e-143,-0.12778555914519774
b,GM21 OIS H3K27ac vs IMR90 OIS H3K27ac,0.0,111204,0.639847571824792,0.0,0.6642549130023871
b,GM21 OIS H3K27ac vs IMR90 OIS H3K27ac,0.25,104873,0.6428586644531796,0.0,0.6648296899410844
b,GM21 OIS H3K27ac vs IMR90 OIS H3K27ac,0.5,88530,0.6527365495816069,0.0,0.6724230026467731
b,GM21 OIS H3K27ac vs IMR90 OIS H3K27ac,1.0,47662,0.6778941781755103,0.0,0.7119334921912215
c,WI-38 replicative ATAC vs GM21 OIS H3K27ac,0.0,43499,-0.08776042658437802,4.0758306097350587e-75,-0.11020107135174945
c,WI-38 replicative ATAC vs GM21 OIS H3K27ac,0.25,40127,-0.09812910991127118,1.995989368624831e-86,-0.1104721941536967
c,WI-38 replicative ATAC vs GM21 OIS H3K27ac,0.5,32049,-0.11778069578828428,2.3175279852492885e-99,-0.11145552723021837
c,WI-38 replicative ATAC vs GM21 OIS H3K27ac,1.0,15118,-0.11487309916399821,1.404734893276166e-45,-0.11708249086557067
d,GM21 OIS ATAC vs GM21 OIS H3K27ac,0.0,54498,0.5532935913764311,0.0,0.6217560007931846
d,GM21 OIS ATAC vs GM21 OIS H3K27ac,0.25,49333,0.5659510520626521,0.0,0.6247101549668213
d,GM21 OIS ATAC vs GM21 OIS H3K27ac,0.5,36560,0.6067355615951522,0.0,0.64946301087911
d,GM21 OIS ATAC vs GM21 OIS H3K27ac,1.0,13428,0.7016066502697907,0.0,0.7477029113936559
