region,chrom,anchor,measured_IMR90,wt_pred,max_abs_delta,mean_abs_delta,top10_concentration,motif_bases,motif_enrichment
chr7:65406557,chr7,65406778,4.837153911590576,1.2140653133392334,0.1708695888519287,0.013475745916366577,0.41161571345483927,155,2.6916132306439313
chr10:36535418,chr10,36534891,4.793585777282715,1.2062716484069824,0.4324682354927063,0.03711854666471481,0.40797306774456077,153,1.8399745682140258
chr3:67082938,chr3,67083443,4.603913307189941,1.3327500820159912,0.16758787631988525,0.014662553556263447,0.3873333861961846,131,1.7050510494017757
chr17:47763681,chr17,47764085,4.480169773101807,0.9814313650131226,0.4085192084312439,0.02837183140218258,0.46950089077164403,85,3.9850770692738284
chr11:124601677,chr11,124601172,4.464166641235352,0.6462193727493286,0.2591991722583771,0.02997642010450363,0.317672549289547,116,0.8925289325828643
chr17:8935073,chr17,8935369,4.44424295425415,1.5805062055587769,0.3332620859146118,0.0356937013566494,0.3919872179665912,168,1.1192448845882383
chr20:7853384,chr20,7853670,4.391307353973389,0.7984841465950012,0.25487858057022095,0.018931902945041656,0.28329278684441034,142,1.1492801427543458
chr16:77548513,chr16,77548917,4.39022970199585,0.9121266603469849,0.22833633422851562,0.01921123079955578,0.43611196876530084,161,2.4813621090099574
chr19:52099508,chr19,52099951,4.30608606338501,1.4106519222259521,0.2698557376861572,0.020144982263445854,0.4710042382609328,160,2.0108326059937696
chr10:36534359,chr10,36534799,4.279103755950928,1.1481661796569824,0.40561145544052124,0.04102138429880142,0.40090377623050083,153,2.0539732308861947
chr12:90280497,chr12,90280279,4.276946067810059,1.1706783771514893,0.18965870141983032,0.018889645114541054,0.35728463875230604,131,1.720355682508737
chr6:141550134,chr6,141549256,4.263012409210205,0.797581136226654,0.25031983852386475,0.023183736950159073,0.3139271337017006,166,1.7745258329511728
chr5:67306778,chr5,67306546,4.258780002593994,0.7668456435203552,0.36677777767181396,0.027525098994374275,0.5452837436261279,115,4.361991945799131
chr16:51898569,chr16,51899005,4.242313861846924,1.072127342224121,0.2243744134902954,0.02407388761639595,0.35714954967388424,191,1.3994619227796743
chr3:67083808,chr3,67083504,4.230665683746338,1.2975544929504395,0.166009783744812,0.014515584334731102,0.37576015839133076,141,1.4932071765232546
chr7:41511162,chr7,41511433,4.224067687988281,0.9339873194694519,0.3310813903808594,0.03085351549088955,0.3107322646184081,216,1.6613527656116114
chr2:112885504,chr2,112885674,4.213156700134277,0.8300239443778992,0.12945586442947388,0.014386371709406376,0.3449912081017456,160,1.804950736273973
chr13:64552485,chr13,64552009,4.170358180999756,0.8730823397636414,0.24118822813034058,0.026933008804917336,0.3642739563325697,148,1.77035441964021
