motif,variant,seed,k,pred
NFKB_RELA,real,0,0,0.6516373157501221
NFKB_RELA,real,0,1,0.6920592188835144
NFKB_RELA,real,0,2,0.6908526420593262
NFKB_RELA,real,0,3,0.7937631607055664
NFKB_RELA,real,0,4,0.9374906420707703
NFKB_RELA,real,0,6,1.2778569459915161
NFKB_RELA,real,0,8,1.2672252655029297
NFKB_RELA,real,1,0,0.4250270426273346
NFKB_RELA,real,1,1,0.5073343515396118
NFKB_RELA,real,1,2,0.6296682953834534
NFKB_RELA,real,1,3,0.6726518869400024
NFKB_RELA,real,1,4,1.021526575088501
NFKB_RELA,real,1,6,0.9871973991394043
NFKB_RELA,real,1,8,1.2474489212036133
NFKB_RELA,real,2,0,0.7542184591293335
NFKB_RELA,real,2,1,0.8168631196022034
NFKB_RELA,real,2,2,0.8123867511749268
NFKB_RELA,real,2,3,0.880340039730072
NFKB_RELA,real,2,4,0.9508748650550842
NFKB_RELA,real,2,6,1.009397029876709
NFKB_RELA,real,2,8,1.269402265548706
NFKB_RELA,real,3,0,0.4657444357872009
NFKB_RELA,real,3,1,0.4761916697025299
NFKB_RELA,real,3,2,0.6878987550735474
NFKB_RELA,real,3,3,0.6509639024734497
NFKB_RELA,real,3,4,1.096083402633667
NFKB_RELA,real,3,6,1.145833969116211
NFKB_RELA,real,3,8,1.17578125
NFKB_RELA,real,4,0,0.5167379975318909
NFKB_RELA,real,4,1,0.5270636081695557
NFKB_RELA,real,4,2,0.6549935340881348
NFKB_RELA,real,4,3,0.5304684638977051
NFKB_RELA,real,4,4,0.6546348929405212
NFKB_RELA,real,4,6,1.188216209411621
NFKB_RELA,real,4,8,1.1803336143493652
NFKB_RELA,scrambled,0,0,0.5430322289466858
NFKB_RELA,scrambled,0,1,0.5856326222419739
NFKB_RELA,scrambled,0,2,0.5656594634056091
NFKB_RELA,scrambled,0,3,0.692088782787323
NFKB_RELA,scrambled,0,4,0.7548536062240601
NFKB_RELA,scrambled,0,6,0.6876456141471863
NFKB_RELA,scrambled,0,8,0.7499914765357971
NFKB_RELA,scrambled,1,0,0.6672176718711853
NFKB_RELA,scrambled,1,1,0.6864267587661743
NFKB_RELA,scrambled,1,2,0.6844552755355835
NFKB_RELA,scrambled,1,3,0.6724986433982849
NFKB_RELA,scrambled,1,4,0.8154577612876892
NFKB_RELA,scrambled,1,6,0.7043972611427307
NFKB_RELA,scrambled,1,8,0.6914764046669006
NFKB_RELA,scrambled,2,0,0.6666812896728516
NFKB_RELA,scrambled,2,1,0.6595278978347778
NFKB_RELA,scrambled,2,2,0.7197485566139221
NFKB_RELA,scrambled,2,3,0.8005087375640869
NFKB_RELA,scrambled,2,4,0.8355644345283508
NFKB_RELA,scrambled,2,6,0.6917383670806885
NFKB_RELA,scrambled,2,8,0.7197057604789734
NFKB_RELA,scrambled,3,0,0.5508311986923218
NFKB_RELA,scrambled,3,1,0.5789387822151184
NFKB_RELA,scrambled,3,2,0.6242961883544922
NFKB_RELA,scrambled,3,3,0.7073972225189209
NFKB_RELA,scrambled,3,4,0.6180710196495056
NFKB_RELA,scrambled,3,6,0.5833410620689392
NFKB_RELA,scrambled,3,8,0.7597784399986267
NFKB_RELA,scrambled,4,0,0.5545977354049683
NFKB_RELA,scrambled,4,1,0.6139439940452576
NFKB_RELA,scrambled,4,2,0.6482002139091492
NFKB_RELA,scrambled,4,3,0.6276801228523254
NFKB_RELA,scrambled,4,4,0.7518209218978882
NFKB_RELA,scrambled,4,6,0.6943752765655518
NFKB_RELA,scrambled,4,8,0.6866170167922974
CEBPB,real,0,0,0.626983106136322
CEBPB,real,0,1,0.6676246523857117
CEBPB,real,0,2,0.5781329274177551
CEBPB,real,0,3,0.6954464316368103
CEBPB,real,0,4,0.6466237902641296
CEBPB,real,0,6,1.0636202096939087
CEBPB,real,0,8,1.0783443450927734
CEBPB,real,1,0,0.4455849826335907
CEBPB,real,1,1,0.49801936745643616
CEBPB,real,1,2,0.48599928617477417
CEBPB,real,1,3,0.6109067797660828
CEBPB,real,1,4,0.5135210156440735
CEBPB,real,1,6,0.6070699691772461
CEBPB,real,1,8,0.9618378281593323
CEBPB,real,2,0,0.5658574104309082
CEBPB,real,2,1,0.6003195643424988
CEBPB,real,2,2,0.6004638671875
CEBPB,real,2,3,0.6434957385063171
CEBPB,real,2,4,0.5613165497779846
CEBPB,real,2,6,0.7904199957847595
CEBPB,real,2,8,1.041356086730957
CEBPB,real,3,0,0.6043232679367065
CEBPB,real,3,1,0.5932319164276123
CEBPB,real,3,2,0.7436355352401733
CEBPB,real,3,3,0.4275895357131958
CEBPB,real,3,4,0.7338411211967468
CEBPB,real,3,6,1.0302622318267822
CEBPB,real,3,8,1.0859575271606445
CEBPB,real,4,0,0.6306942105293274
CEBPB,real,4,1,0.553213357925415
CEBPB,real,4,2,0.7407530546188354
CEBPB,real,4,3,0.650205671787262
CEBPB,real,4,4,0.40940922498703003
CEBPB,real,4,6,0.8530765175819397
CEBPB,real,4,8,1.025519609451294
CEBPB,scrambled,0,0,0.6062370538711548
CEBPB,scrambled,0,1,0.6732771992683411
CEBPB,scrambled,0,2,0.5483139157295227
CEBPB,scrambled,0,3,0.684291660785675
CEBPB,scrambled,0,4,0.6766535043716431
CEBPB,scrambled,0,6,0.6359509825706482
CEBPB,scrambled,0,8,0.7892535328865051
CEBPB,scrambled,1,0,0.5605947971343994
CEBPB,scrambled,1,1,0.5432011485099792
CEBPB,scrambled,1,2,0.6305410265922546
CEBPB,scrambled,1,3,0.5586276650428772
CEBPB,scrambled,1,4,0.677707850933075
CEBPB,scrambled,1,6,0.6643182635307312
CEBPB,scrambled,1,8,0.6385852694511414
CEBPB,scrambled,2,0,0.47465240955352783
CEBPB,scrambled,2,1,0.4673303961753845
CEBPB,scrambled,2,2,0.466422438621521
CEBPB,scrambled,2,3,0.46957147121429443
CEBPB,scrambled,2,4,0.5088135004043579
CEBPB,scrambled,2,6,0.6723332405090332
CEBPB,scrambled,2,8,0.5364847779273987
CEBPB,scrambled,3,0,0.6525986194610596
CEBPB,scrambled,3,1,0.681133508682251
CEBPB,scrambled,3,2,0.6178165674209595
CEBPB,scrambled,3,3,0.604124903678894
CEBPB,scrambled,3,4,0.5669077038764954
CEBPB,scrambled,3,6,0.6548765897750854
CEBPB,scrambled,3,8,0.675414502620697
CEBPB,scrambled,4,0,0.7212039232254028
CEBPB,scrambled,4,1,0.6957257390022278
CEBPB,scrambled,4,2,0.7218406200408936
CEBPB,scrambled,4,3,0.8033707141876221
CEBPB,scrambled,4,4,0.7055877447128296
CEBPB,scrambled,4,6,0.827195942401886
CEBPB,scrambled,4,8,0.7170032858848572
AP1_FOSJUN,real,0,0,0.6916682720184326
AP1_FOSJUN,real,0,1,0.7552105784416199
AP1_FOSJUN,real,0,2,0.832676112651825
AP1_FOSJUN,real,0,3,0.8575917482376099
AP1_FOSJUN,real,0,4,0.9204147458076477
AP1_FOSJUN,real,0,6,0.06076279655098915
AP1_FOSJUN,real,0,8,0.24271619319915771
AP1_FOSJUN,real,1,0,0.4463924765586853
AP1_FOSJUN,real,1,1,0.47642844915390015
AP1_FOSJUN,real,1,2,0.5346897840499878
AP1_FOSJUN,real,1,3,0.5710915327072144
AP1_FOSJUN,real,1,4,0.7078118920326233
AP1_FOSJUN,real,1,6,1.0278397798538208
AP1_FOSJUN,real,1,8,0.3044500946998596
AP1_FOSJUN,real,2,0,0.6203343272209167
AP1_FOSJUN,real,2,1,0.644833505153656
AP1_FOSJUN,real,2,2,0.7270360589027405
AP1_FOSJUN,real,2,3,0.680392861366272
AP1_FOSJUN,real,2,4,0.08400695025920868
AP1_FOSJUN,real,2,6,-0.17135366797447205
AP1_FOSJUN,real,2,8,-0.1503107249736786
AP1_FOSJUN,real,3,0,0.39312222599983215
AP1_FOSJUN,real,3,1,0.47076255083084106
AP1_FOSJUN,real,3,2,0.5156896710395813
AP1_FOSJUN,real,3,3,0.5107598900794983
AP1_FOSJUN,real,3,4,0.5373188853263855
AP1_FOSJUN,real,3,6,0.5381500720977783
AP1_FOSJUN,real,3,8,-0.10496359318494797
AP1_FOSJUN,real,4,0,0.5539281368255615
AP1_FOSJUN,real,4,1,0.6034051179885864
AP1_FOSJUN,real,4,2,0.666294515132904
AP1_FOSJUN,real,4,3,0.24402670562267303
AP1_FOSJUN,real,4,4,0.8597641587257385
AP1_FOSJUN,real,4,6,0.2843877077102661
AP1_FOSJUN,real,4,8,0.09191978722810745
AP1_FOSJUN,scrambled,0,0,0.4941924810409546
AP1_FOSJUN,scrambled,0,1,0.5109671354293823
AP1_FOSJUN,scrambled,0,2,0.5520294904708862
AP1_FOSJUN,scrambled,0,3,0.49676546454429626
AP1_FOSJUN,scrambled,0,4,0.5313093066215515
AP1_FOSJUN,scrambled,0,6,0.47858142852783203
AP1_FOSJUN,scrambled,0,8,0.5880773067474365
AP1_FOSJUN,scrambled,1,0,0.5347976684570312
AP1_FOSJUN,scrambled,1,1,0.46682649850845337
AP1_FOSJUN,scrambled,1,2,0.5512151718139648
AP1_FOSJUN,scrambled,1,3,0.46425724029541016
AP1_FOSJUN,scrambled,1,4,0.6248354911804199
AP1_FOSJUN,scrambled,1,6,0.5397253632545471
AP1_FOSJUN,scrambled,1,8,0.5052624344825745
AP1_FOSJUN,scrambled,2,0,0.4650006592273712
AP1_FOSJUN,scrambled,2,1,0.46779587864875793
AP1_FOSJUN,scrambled,2,2,0.5362688302993774
AP1_FOSJUN,scrambled,2,3,0.44738829135894775
AP1_FOSJUN,scrambled,2,4,0.43450403213500977
AP1_FOSJUN,scrambled,2,6,0.5800110697746277
AP1_FOSJUN,scrambled,2,8,0.32860293984413147
AP1_FOSJUN,scrambled,3,0,0.5339668393135071
AP1_FOSJUN,scrambled,3,1,0.5360467433929443
AP1_FOSJUN,scrambled,3,2,0.4859039783477783
AP1_FOSJUN,scrambled,3,3,0.6106311082839966
AP1_FOSJUN,scrambled,3,4,0.5159645676612854
AP1_FOSJUN,scrambled,3,6,0.5115793347358704
AP1_FOSJUN,scrambled,3,8,0.5226973295211792
AP1_FOSJUN,scrambled,4,0,0.7369160056114197
AP1_FOSJUN,scrambled,4,1,0.7540426254272461
AP1_FOSJUN,scrambled,4,2,0.7086628079414368
AP1_FOSJUN,scrambled,4,3,0.7037155032157898
AP1_FOSJUN,scrambled,4,4,0.7662461400032043
AP1_FOSJUN,scrambled,4,6,0.716575026512146
AP1_FOSJUN,scrambled,4,8,0.740527868270874
ETS1,real,0,0,0.6036600470542908
ETS1,real,0,1,0.6212396621704102
ETS1,real,0,2,0.551825225353241
ETS1,real,0,3,0.6054689884185791
ETS1,real,0,4,0.6118502616882324
ETS1,real,0,6,0.8747890591621399
ETS1,real,0,8,0.6358564496040344
ETS1,real,1,0,0.590347945690155
ETS1,real,1,1,0.571714460849762
ETS1,real,1,2,0.5553659200668335
ETS1,real,1,3,0.5713688731193542
ETS1,real,1,4,0.6197591423988342
ETS1,real,1,6,0.5107983946800232
ETS1,real,1,8,0.6723669171333313
ETS1,real,2,0,0.7869586944580078
ETS1,real,2,1,0.7807424068450928
ETS1,real,2,2,0.7697151899337769
ETS1,real,2,3,0.6209070682525635
ETS1,real,2,4,0.8319394588470459
ETS1,real,2,6,0.8432781100273132
ETS1,real,2,8,0.9890857934951782
ETS1,real,3,0,0.6038413047790527
ETS1,real,3,1,0.5812981724739075
ETS1,real,3,2,0.5830730199813843
ETS1,real,3,3,0.5707340836524963
ETS1,real,3,4,0.7320307493209839
ETS1,real,3,6,0.5802022218704224
ETS1,real,3,8,0.7418683767318726
ETS1,real,4,0,0.7304203510284424
ETS1,real,4,1,0.7614299058914185
ETS1,real,4,2,0.7837880253791809
ETS1,real,4,3,0.8202948570251465
ETS1,real,4,4,1.3480175733566284
ETS1,real,4,6,0.7798820734024048
ETS1,real,4,8,0.8634711503982544
ETS1,scrambled,0,0,0.983096182346344
ETS1,scrambled,0,1,0.9911873936653137
ETS1,scrambled,0,2,0.8843376040458679
ETS1,scrambled,0,3,0.9544368386268616
ETS1,scrambled,0,4,0.9674492478370667
ETS1,scrambled,0,6,0.9816933274269104
ETS1,scrambled,0,8,0.6633858680725098
ETS1,scrambled,1,0,0.5642022490501404
ETS1,scrambled,1,1,0.5665169954299927
ETS1,scrambled,1,2,0.4754113554954529
ETS1,scrambled,1,3,0.636036217212677
ETS1,scrambled,1,4,0.5337330102920532
ETS1,scrambled,1,6,0.5919168591499329
ETS1,scrambled,1,8,0.5125395655632019
ETS1,scrambled,2,0,0.7181299328804016
ETS1,scrambled,2,1,0.684974730014801
ETS1,scrambled,2,2,0.6422035694122314
ETS1,scrambled,2,3,0.6281371116638184
ETS1,scrambled,2,4,0.6412070393562317
ETS1,scrambled,2,6,0.6830502152442932
ETS1,scrambled,2,8,0.6095067262649536
ETS1,scrambled,3,0,0.6416640877723694
ETS1,scrambled,3,1,0.6772435307502747
ETS1,scrambled,3,2,0.5637019276618958
ETS1,scrambled,3,3,0.686201810836792
ETS1,scrambled,3,4,0.6291263699531555
ETS1,scrambled,3,6,0.6286051273345947
ETS1,scrambled,3,8,0.5436782240867615
ETS1,scrambled,4,0,0.39679640531539917
ETS1,scrambled,4,1,0.40588563680648804
ETS1,scrambled,4,2,0.40928763151168823
ETS1,scrambled,4,3,0.44988787174224854
ETS1,scrambled,4,4,0.5228341221809387
ETS1,scrambled,4,6,0.4545675814151764
ETS1,scrambled,4,8,0.40893805027008057
