seed,adjusted_pair_NFKB_ETS_clustered_K12,adjusted_single_NFKB_K12,paired_difference
0,0.41664999999999996,0.4932333,-0.07658330000000002
1,0.7569614000000001,0.4606263599999999,0.2963350400000002
2,0.6382003,0.6046256699999999,0.03357463000000016
3,0.7830469999999999,0.6531057000000001,0.12994129999999982
4,0.5618259,0.44478384000000004,0.11704205999999995
5,0.5917590599999999,0.5884967,0.0032623599999999087
6,0.93370814,0.9584951800000001,-0.024787040000000093
7,0.80386174,0.5577639000000001,0.2460978399999999
8,0.5191413699999998,0.51417676,0.004964609999999814
9,0.65147206,0.7426240000000001,-0.09115194000000004
