file,column,n,sem_min,sem_max,sd_min,sd_max
gate1_additivity_summary.csv,raw_sem,10,0.033841354319002,0.0913547767584744,0.10701575875282274,0.2888891696929931
gate1_additivity_summary.csv,scrambled_sem,10,0.0254432893018288,0.0679455482617034,0.08045874536037434,0.21486268937587716
gate1_additivity_summary.csv,adjusted_sem,10,0.0221362099525135,0.0837619210863616,0.07000084221363038,0.264878451824188
gate1b_dose_curve.csv,raw_sem,10,0.0300233518541945,0.0875481706548408,0.09494217485189416,0.27685162425041193
gate1b_dose_curve.csv,adjusted_sem,10,0.0182550562851583,0.0747641063643607,0.057727556675672455,0.23642486333847043
gate1_spacing.csv,difference_sem,10,0.0365605279799503,0.0973226720118813,0.1156145408749578,0.3077613115310666
gate2_h1c_contexts.csv,sem,10,0.0743992301223514,0.144936909252125,0.2352710233496382,0.45833075026184655
gate2_h2_variants.csv,sem,10,0.0167423245941056,0.144936909252125,0.052943879043227775,0.45833075026184655
gate2_ap1_results.json,H1b AP1_FOSJUN/high sem,24,0.04627701634826501,0.04627701634826501,0.22671015374336917,0.22671015374336917
gate2_ap1_results.json,H1b AP1_FOSJUN/low sem,24,0.04249639107248777,0.04249639107248777,0.2081889480747228,0.2081889480747228
gate2_ap1_results.json,H1b NFKB_RELA/high sem,24,0.033005860752616266,0.033005860752616266,0.1616950347305268,0.1616950347305268
