K_total,condition,arrangement,observed,observed_sem,expected_additive,expected_sem,obs_minus_exp,obs_over_exp,frac_of_required
6,CEBPB+ETS1,clustered,0.12614408135414124,0.05564159662257036,0.20768409222364426,0.03960688214191098,-0.08154001086950302,0.6073844173789834,0.1464618742465973
6,CEBPB+ETS1,interleaved,0.07475632429122925,0.06399258715219885,0.20768409222364426,0.03960688214191098,-0.132927767932415,0.3599520959493038,0.08679718524217606
6,NFKB_RELA+CEBPB,clustered,0.3169124126434326,0.04645115347450929,0.3036520853638649,0.026432203104265566,0.013260327279567719,1.0436694754250673,0.36795690655708313
6,NFKB_RELA+CEBPB,interleaved,0.2608181834220886,0.05445744472101629,0.3036520853638649,0.026432203104265566,-0.042833901941776276,0.8589375670170399,0.3028276860713959
6,NFKB_RELA+ETS1,clustered,0.39191797375679016,0.04702298362591336,0.3236754983663559,0.03339235911984898,0.06824247539043427,1.2108360865584988,0.4550434648990631
6,NFKB_RELA+ETS1,interleaved,0.3634340167045593,0.050372189693812165,0.3236754983663559,0.03339235911984898,0.03975851833820343,1.1228345010322724,0.4219716489315033
6,NFKB_RELA+CEBPB+ETS1,clustered,0.30329591035842896,0.05713569562049494,0.278337225317955,0.02741620008331382,0.024958685040473938,1.089670668420161,0.3521472215652466
6,NFKB_RELA+CEBPB+ETS1,interleaved,0.1566198170185089,0.07788538520878224,0.278337225317955,0.02741620008331382,-0.1217174082994461,0.5626980611005095,0.1818462759256363
12,CEBPB+ETS1,clustered,0.42161256074905396,0.06525869295639333,0.3991747424006462,0.024476077846557778,0.022437818348407745,1.056210516260288,0.4895209074020386
12,CEBPB+ETS1,interleaved,0.29240235686302185,0.08376192108636167,0.3991747424006462,0.024476077846557778,-0.10677238553762436,0.7325171805823867,0.3394990563392639
12,NFKB_RELA+CEBPB,clustered,0.3426653742790222,0.07285122820156384,0.592733234167099,0.030367960044025102,-0.2500678598880768,0.5781106145676665,0.3978578448295593
12,NFKB_RELA+CEBPB,interleaved,0.04869019240140915,0.041329364410747436,0.592733234167099,0.030367960044025102,-0.5440430417656898,0.08214520393786924,0.05653262883424759
12,NFKB_RELA+ETS1,clustered,0.6656626462936401,0.048732499060084866,0.408234678208828,0.029599511114150358,0.25742796808481216,1.6305881930812545,0.7728796601295471
12,NFKB_RELA+ETS1,interleaved,0.48376694321632385,0.03485820801549666,0.408234678208828,0.029599511114150358,0.07553226500749588,1.1850216775774698,0.5616863965988159
12,NFKB_RELA+CEBPB+ETS1,clustered,0.3888733983039856,0.07442254066824795,0.4667142182588577,0.023081606155277132,-0.07784081995487213,0.8332152376988468,0.451508492231369
12,NFKB_RELA+CEBPB+ETS1,interleaved,0.24621596932411194,0.04047294801301947,0.4667142182588577,0.023081606155277132,-0.2204982489347458,0.5275518929820798,0.28587350249290466
