region_index,motif,chrom,anchor,stratum,best_rel,gm21,imr90,atac,arm,pred,effect
22969,AP1_FOSJUN,chr12,19654743,low,0.9505788,-2.5886252,-1.4335662,-1.5224100629124488,wt,-1.3118644,0.0
22969,AP1_FOSJUN,chr12,19654743,low,0.9505788,-2.5886252,-1.4335662,-1.5224100629124488,ablated,-1.2177908,0.09407353401184082
22969,AP1_FOSJUN,chr12,19654743,low,0.9505788,-2.5886252,-1.4335662,-1.5224100629124488,position_control,-1.245566,0.06629836559295654
95799,AP1_FOSJUN,chr7,68706526,low,0.9610134,-2.5838292,-2.2980833,-1.2313320424386798,wt,0.44439644,0.0
95799,AP1_FOSJUN,chr7,68706526,low,0.9610134,-2.5838292,-2.2980833,-1.2313320424386798,ablated,0.621973,0.17757654190063477
95799,AP1_FOSJUN,chr7,68706526,low,0.9610134,-2.5838292,-2.2980833,-1.2313320424386798,position_control,0.47822684,0.03383040428161621
24036,AP1_FOSJUN,chr12,52927353,low,0.95579225,-2.428632,-1.1149825,-0.5963711788658861,wt,-0.60733646,0.0
24036,AP1_FOSJUN,chr12,52927353,low,0.95579225,-2.428632,-1.1149825,-0.5963711788658861,ablated,-0.6255886,-0.018252134323120117
24036,AP1_FOSJUN,chr12,52927353,low,0.95579225,-2.428632,-1.1149825,-0.5963711788658861,position_control,-0.516786,0.0905504822731018
43650,AP1_FOSJUN,chr17,41446970,low,0.9800891,-2.3895762,0.06230709,-0.6154906083870525,wt,0.1273247,0.0
43650,AP1_FOSJUN,chr17,41446970,low,0.9800891,-2.3895762,0.06230709,-0.6154906083870525,ablated,0.5460541,0.41872942447662354
43650,AP1_FOSJUN,chr17,41446970,low,0.9800891,-2.3895762,0.06230709,-0.6154906083870525,position_control,0.19392636,0.06660166382789612
37235,AP1_FOSJUN,chr15,81955759,low,0.96638626,-2.2934017,-0.8679903,-1.4795242292941109,wt,0.1591748,0.0
37235,AP1_FOSJUN,chr15,81955759,low,0.96638626,-2.2934017,-0.8679903,-1.4795242292941109,ablated,0.1770707,0.017895907163619995
37235,AP1_FOSJUN,chr15,81955759,low,0.96638626,-2.2934017,-0.8679903,-1.4795242292941109,position_control,0.17179753,0.012622728943824768
102250,AP1_FOSJUN,chr8,98944273,low,0.96528625,-2.212857,-0.5621365,-0.2760348427470928,wt,-0.75815207,0.0
102250,AP1_FOSJUN,chr8,98944273,low,0.96528625,-2.212857,-0.5621365,-0.2760348427470928,ablated,-0.9242738,-0.1661217212677002
102250,AP1_FOSJUN,chr8,98944273,low,0.96528625,-2.212857,-0.5621365,-0.2760348427470928,position_control,-0.7704422,-0.012290120124816895
101605,AP1_FOSJUN,chr8,79131560,low,0.96949506,-2.1699436,0.824459,-1.1604585165546686,wt,0.5638087,0.0
101605,AP1_FOSJUN,chr8,79131560,low,0.96949506,-2.1699436,0.824459,-1.1604585165546686,ablated,0.70355546,0.1397467851638794
101605,AP1_FOSJUN,chr8,79131560,low,0.96949506,-2.1699436,0.824459,-1.1604585165546686,position_control,0.6813725,0.11756384372711182
73961,AP1_FOSJUN,chr3,174937658,low,0.9610134,-1.9931264,-1.5380373,-0.6608344425912015,wt,-1.2605276,0.0
73961,AP1_FOSJUN,chr3,174937658,low,0.9610134,-1.9931264,-1.5380373,-0.6608344425912015,ablated,-1.2546322,0.005895376205444336
73961,AP1_FOSJUN,chr3,174937658,low,0.9610134,-1.9931264,-1.5380373,-0.6608344425912015,position_control,-1.4937906,-0.2332630157470703
12565,AP1_FOSJUN,chr10,38054719,low,0.9705075,-1.9695603,-0.6274636,-0.0498452664014276,wt,-0.17186487,0.0
12565,AP1_FOSJUN,chr10,38054719,low,0.9705075,-1.9695603,-0.6274636,-0.0498452664014276,ablated,-0.021517986,0.1503468807786703
12565,AP1_FOSJUN,chr10,38054719,low,0.9705075,-1.9695603,-0.6274636,-0.0498452664014276,position_control,-0.13225147,0.03961339592933655
25682,AP1_FOSJUN,chr12,90922351,low,0.9679395,-1.9417559,0.24385078,-1.2437421153001975,wt,-0.78995585,0.0
25682,AP1_FOSJUN,chr12,90922351,low,0.9679395,-1.9417559,0.24385078,-1.2437421153001975,ablated,-0.3414502,0.4485056400299072
25682,AP1_FOSJUN,chr12,90922351,low,0.9679395,-1.9417559,0.24385078,-1.2437421153001975,position_control,-0.46692225,0.3230336010456085
111650,AP1_FOSJUN,chrY,15471669,low,0.9610134,-1.9304065,0.0,-0.7923980006027277,wt,-0.6888664,0.0
111650,AP1_FOSJUN,chrY,15471669,low,0.9610134,-1.9304065,0.0,-0.7923980006027277,ablated,-0.35170627,0.3371601104736328
111650,AP1_FOSJUN,chrY,15471669,low,0.9610134,-1.9304065,0.0,-0.7923980006027277,position_control,-0.69547427,-0.0066078901290893555
46402,AP1_FOSJUN,chr18,9109684,low,0.9610134,-1.881782,-0.34631905,0.2517071570330904,wt,-0.31103298,0.0
46402,AP1_FOSJUN,chr18,9109684,low,0.9610134,-1.881782,-0.34631905,0.2517071570330904,ablated,-0.37058914,-0.059556156396865845
46402,AP1_FOSJUN,chr18,9109684,low,0.9610134,-1.881782,-0.34631905,0.2517071570330904,position_control,-0.25993675,0.05109623074531555
95800,AP1_FOSJUN,chr7,68963739,low,0.9573455,-1.8720256,0.88084114,-1.028714402081111,wt,0.6576049,0.0
95800,AP1_FOSJUN,chr7,68963739,low,0.9573455,-1.8720256,0.88084114,-1.028714402081111,ablated,0.76312226,0.10551738739013672
95800,AP1_FOSJUN,chr7,68963739,low,0.9573455,-1.8720256,0.88084114,-1.028714402081111,position_control,0.70016307,0.04255819320678711
18657,AP1_FOSJUN,chr11,61800838,low,0.95419395,-1.8299758,-0.04322026,0.0472817856413773,wt,0.27994257,0.0
18657,AP1_FOSJUN,chr11,61800838,low,0.95419395,-1.8299758,-0.04322026,0.0472817856413773,ablated,0.14497963,-0.13496294617652893
18657,AP1_FOSJUN,chr11,61800838,low,0.95419395,-1.8299758,-0.04322026,0.0472817856413773,position_control,0.26083517,-0.019107401371002197
29583,AP1_FOSJUN,chr13,76293485,low,0.96528625,-1.8203169,-0.09087156,-1.2595988867370085,wt,-0.5511239,0.0
29583,AP1_FOSJUN,chr13,76293485,low,0.96528625,-1.8203169,-0.09087156,-1.2595988867370085,ablated,-0.5366296,0.01449429988861084
29583,AP1_FOSJUN,chr13,76293485,low,0.96528625,-1.8203169,-0.09087156,-1.2595988867370085,position_control,-0.31475332,0.23637059330940247
17907,AP1_FOSJUN,chr11,35099545,low,1.0,-1.8120394,-1.0904233,-0.5321097695817906,wt,-0.9070367,0.0
17907,AP1_FOSJUN,chr11,35099545,low,1.0,-1.8120394,-1.0904233,-0.5321097695817906,ablated,-0.72387475,0.18316197395324707
17907,AP1_FOSJUN,chr11,35099545,low,1.0,-1.8120394,-1.0904233,-0.5321097695817906,position_control,-0.9238011,-0.016764402389526367
104542,AP1_FOSJUN,chr9,4126642,low,0.9800891,-1.7985111,-1.6056229,-0.7989586106566333,wt,-0.3581681,0.0
104542,AP1_FOSJUN,chr9,4126642,low,0.9800891,-1.7985111,-1.6056229,-0.7989586106566333,ablated,-0.3067885,0.05137959122657776
104542,AP1_FOSJUN,chr9,4126642,low,0.9800891,-1.7985111,-1.6056229,-0.7989586106566333,position_control,-0.26685804,0.091310054063797
101592,AP1_FOSJUN,chr8,77119041,low,0.9730924,-1.789794,-0.75236946,-1.1470537012305455,wt,-0.14207381,0.0
101592,AP1_FOSJUN,chr8,77119041,low,0.9730924,-1.789794,-0.75236946,-1.1470537012305455,ablated,0.31137276,0.45344656705856323
101592,AP1_FOSJUN,chr8,77119041,low,0.9730924,-1.789794,-0.75236946,-1.1470537012305455,position_control,-0.004927347,0.13714646315202117
29368,AP1_FOSJUN,chr13,53127476,low,0.95059663,-1.7798628,0.35222277,-0.8205528494898806,wt,-0.01571756,0.0
29368,AP1_FOSJUN,chr13,53127476,low,0.95059663,-1.7798628,0.35222277,-0.8205528494898806,ablated,-0.09141416,-0.07569660060107708
29368,AP1_FOSJUN,chr13,53127476,low,0.95059663,-1.7798628,0.35222277,-0.8205528494898806,position_control,0.010582221,0.026299781166017056
65411,AP1_FOSJUN,chr21,45167923,low,0.95059663,-1.7798461,-1.4347086,-0.1814292002326029,wt,-0.5343119,0.0
65411,AP1_FOSJUN,chr21,45167923,low,0.95059663,-1.7798461,-1.4347086,-0.1814292002326029,ablated,0.03417188,0.5684837698936462
65411,AP1_FOSJUN,chr21,45167923,low,0.95059663,-1.7798461,-1.4347086,-0.1814292002326029,position_control,-0.57881826,-0.04450637102127075
84009,AP1_FOSJUN,chr5,122153312,low,0.97160745,-1.7647862,-1.561544,-1.5580667948889813,wt,-0.12175888,0.0
84009,AP1_FOSJUN,chr5,122153312,low,0.97160745,-1.7647862,-1.561544,-1.5580667948889813,ablated,-0.18979721,-0.06803832948207855
84009,AP1_FOSJUN,chr5,122153312,low,0.97160745,-1.7647862,-1.561544,-1.5580667948889813,position_control,-0.12717903,-0.0054201483726501465
13792,AP1_FOSJUN,chr10,72720214,low,0.96638626,-1.7635257,-0.5512256,-0.1651619392573771,wt,0.54328,0.0
13792,AP1_FOSJUN,chr10,72720214,low,0.96638626,-1.7635257,-0.5512256,-0.1651619392573771,ablated,0.3951051,-0.14817491173744202
13792,AP1_FOSJUN,chr10,72720214,low,0.96638626,-1.7635257,-0.5512256,-0.1651619392573771,position_control,0.62863886,0.08535885810852051
11299,AP1_FOSJUN,chr10,10865488,low,0.9678712,-1.7633927,0.58031327,-0.3806120217164421,wt,-0.10313114,0.0
11299,AP1_FOSJUN,chr10,10865488,low,0.9678712,-1.7633927,0.58031327,-0.3806120217164421,ablated,-0.12558313,-0.022451989352703094
11299,AP1_FOSJUN,chr10,10865488,low,0.9678712,-1.7633927,0.58031327,-0.3806120217164421,position_control,-0.07175977,0.03137136995792389
72765,AP1_FOSJUN,chr3,148924717,low,1.0,-1.7573656,-0.8098207,-0.8609576154368678,wt,-0.3278994,0.0
72765,AP1_FOSJUN,chr3,148924717,low,1.0,-1.7573656,-0.8098207,-0.8609576154368678,ablated,-0.24460071,0.0832986831665039
72765,AP1_FOSJUN,chr3,148924717,low,1.0,-1.7573656,-0.8098207,-0.8609576154368678,position_control,-0.46334872,-0.13544932007789612
97654,AP1_FOSJUN,chr7,121945213,high,0.9610134,2.2941957,3.3975291,0.7368218188779028,wt,1.475133,0.0
97654,AP1_FOSJUN,chr7,121945213,high,0.9610134,2.2941957,3.3975291,0.7368218188779028,ablated,0.974246,-0.5008869171142578
97654,AP1_FOSJUN,chr7,121945213,high,0.9610134,2.2941957,3.3975291,0.7368218188779028,position_control,1.4889374,0.013804435729980469
108305,AP1_FOSJUN,chr9,124210947,high,1.0,2.2956765,2.241512,2.2510597910543493,wt,0.83304995,0.0
108305,AP1_FOSJUN,chr9,124210947,high,1.0,2.2956765,2.241512,2.2510597910543493,ablated,0.73322016,-0.0998297929763794
108305,AP1_FOSJUN,chr9,124210947,high,1.0,2.2956765,2.241512,2.2510597910543493,position_control,0.8184455,-0.014604449272155762
81346,AP1_FOSJUN,chr5,38827652,high,0.95579225,2.2983217,2.5276337,1.3937851589753634,wt,1.2758846,0.0
81346,AP1_FOSJUN,chr5,38827652,high,0.95579225,2.2983217,2.5276337,1.3937851589753634,ablated,1.1639585,-0.11192607879638672
81346,AP1_FOSJUN,chr5,38827652,high,0.95579225,2.2983217,2.5276337,1.3937851589753634,position_control,1.2751288,-0.0007557868957519531
81347,AP1_FOSJUN,chr5,38827781,high,0.95579225,2.2989469,3.0070186,1.7271093745729302,wt,1.1142457,0.0
81347,AP1_FOSJUN,chr5,38827781,high,0.95579225,2.2989469,3.0070186,1.7271093745729302,ablated,0.83942604,-0.27481961250305176
81347,AP1_FOSJUN,chr5,38827781,high,0.95579225,2.2989469,3.0070186,1.7271093745729302,position_control,1.0987692,-0.015476465225219727
91418,AP1_FOSJUN,chr6,119587748,high,0.96528625,2.30457,2.7408848,0.0660451907891185,wt,1.657711,0.0
91418,AP1_FOSJUN,chr6,119587748,high,0.96528625,2.30457,2.7408848,0.0660451907891185,ablated,1.3491306,-0.3085803985595703
91418,AP1_FOSJUN,chr6,119587748,high,0.96528625,2.30457,2.7408848,0.0660451907891185,position_control,1.6681207,0.010409712791442871
102313,AP1_FOSJUN,chr8,100886207,high,0.9645733,2.3055255,1.534258,0.7328577500261281,wt,1.1123168,0.0
102313,AP1_FOSJUN,chr8,100886207,high,0.9645733,2.3055255,1.534258,0.7328577500261281,ablated,1.2724731,0.16015625
102313,AP1_FOSJUN,chr8,100886207,high,0.9645733,2.3055255,1.534258,0.7328577500261281,position_control,0.97856426,-0.13375258445739746
71860,AP1_FOSJUN,chr3,125948080,high,0.95597064,2.3058553,1.6633837,1.0764961439480742,wt,0.6584309,0.0
71860,AP1_FOSJUN,chr3,125948080,high,0.95597064,2.3058553,1.6633837,1.0764961439480742,ablated,0.60476077,-0.05367010831832886
71860,AP1_FOSJUN,chr3,125948080,high,0.95597064,2.3058553,1.6633837,1.0764961439480742,position_control,0.641871,-0.016559898853302002
14955,AP1_FOSJUN,chr10,97882699,high,0.96949506,2.3219123,1.1987156,1.1938348340993226,wt,1.2106836,0.0
14955,AP1_FOSJUN,chr10,97882699,high,0.96949506,2.3219123,1.1987156,1.1938348340993226,ablated,1.2781028,0.06741917133331299
14955,AP1_FOSJUN,chr10,97882699,high,0.96949506,2.3219123,1.1987156,1.1938348340993226,position_control,1.1411519,-0.06953167915344238
61743,AP1_FOSJUN,chr20,7742654,high,0.9573455,2.3285122,3.3322258,1.654045330077243,wt,0.9628487,0.0
61743,AP1_FOSJUN,chr20,7742654,high,0.9573455,2.3285122,3.3322258,1.654045330077243,ablated,1.0623311,0.09948235750198364
61743,AP1_FOSJUN,chr20,7742654,high,0.9573455,2.3285122,3.3322258,1.654045330077243,position_control,1.0432327,0.08038395643234253
48834,AP1_FOSJUN,chr19,6678654,high,0.96638626,2.3573434,2.8033707,1.9545814466557327,wt,1.1123545,0.0
48834,AP1_FOSJUN,chr19,6678654,high,0.96638626,2.3573434,2.8033707,1.9545814466557327,ablated,1.0088395,-0.10351502895355225
48834,AP1_FOSJUN,chr19,6678654,high,0.96638626,2.3573434,2.8033707,1.9545814466557327,position_control,1.1429722,0.030617713928222656
71172,AP1_FOSJUN,chr3,112002596,high,0.9705075,2.3650997,3.224572,1.4184469064949523,wt,1.7623283,0.0
71172,AP1_FOSJUN,chr3,112002596,high,0.9705075,2.3650997,3.224572,1.4184469064949523,ablated,1.6034443,-0.1588839292526245
71172,AP1_FOSJUN,chr3,112002596,high,0.9705075,2.3650997,3.224572,1.4184469064949523,position_control,1.7663182,0.0039899349212646484
60318,AP1_FOSJUN,chr2,225993613,high,0.96528625,2.3787253,1.9881443,1.0868489013546507,wt,1.0419939,0.0
60318,AP1_FOSJUN,chr2,225993613,high,0.96528625,2.3787253,1.9881443,1.0868489013546507,ablated,0.9266532,-0.11534065008163452
60318,AP1_FOSJUN,chr2,225993613,high,0.96528625,2.3787253,1.9881443,1.0868489013546507,position_control,1.0030363,-0.03895759582519531
52438,AP1_FOSJUN,chr2,27003952,high,1.0,2.397552,1.2436417,1.8867838115641968,wt,1.1612843,0.0
52438,AP1_FOSJUN,chr2,27003952,high,1.0,2.397552,1.2436417,1.8867838115641968,ablated,0.79897684,-0.36230748891830444
52438,AP1_FOSJUN,chr2,27003952,high,1.0,2.397552,1.2436417,1.8867838115641968,position_control,1.1890961,0.027811765670776367
105928,AP1_FOSJUN,chr9,72154936,high,0.96638626,2.4067912,1.4387015,1.8023193842127905,wt,0.8882126,0.0
105928,AP1_FOSJUN,chr9,72154936,high,0.96638626,2.4067912,1.4387015,1.8023193842127905,ablated,0.89676106,0.008548438549041748
105928,AP1_FOSJUN,chr9,72154936,high,0.96638626,2.4067912,1.4387015,1.8023193842127905,position_control,0.9486392,0.06042659282684326
15620,AP1_FOSJUN,chr10,112380157,high,0.9678712,2.419548,2.986547,0.5356003630835936,wt,1.0112507,0.0
15620,AP1_FOSJUN,chr10,112380157,high,0.9678712,2.419548,2.986547,0.5356003630835936,ablated,0.94521695,-0.06603378057479858
15620,AP1_FOSJUN,chr10,112380157,high,0.9678712,2.419548,2.986547,0.5356003630835936,position_control,1.0115466,0.00029587745666503906
69076,AP1_FOSJUN,chr3,46089503,high,0.95579225,2.439155,2.0472035,0.5963583274207678,wt,1.7938927,0.0
69076,AP1_FOSJUN,chr3,46089503,high,0.95579225,2.439155,2.0472035,0.5963583274207678,ablated,1.5388111,-0.2550816535949707
69076,AP1_FOSJUN,chr3,46089503,high,0.95579225,2.439155,2.0472035,0.5963583274207678,position_control,1.8032153,0.009322524070739746
92045,AP1_FOSJUN,chr6,137808356,high,0.96638626,2.4527323,1.4656417,0.0947582484232231,wt,0.19785812,0.0
92045,AP1_FOSJUN,chr6,137808356,high,0.96638626,2.4527323,1.4656417,0.0947582484232231,ablated,0.66318303,0.46532490849494934
92045,AP1_FOSJUN,chr6,137808356,high,0.96638626,2.4527323,1.4656417,0.0947582484232231,position_control,0.2063058,0.00844767689704895
75813,AP1_FOSJUN,chr4,26077054,high,0.95579225,2.5048513,2.7474341,1.5082412279792854,wt,0.6390868,0.0
75813,AP1_FOSJUN,chr4,26077054,high,0.95579225,2.5048513,2.7474341,1.5082412279792854,ablated,0.90395707,0.264870285987854
75813,AP1_FOSJUN,chr4,26077054,high,0.95579225,2.5048513,2.7474341,1.5082412279792854,position_control,0.713368,0.07428121566772461
63802,AP1_FOSJUN,chr20,56221431,high,0.9705075,2.5123458,2.2732902,1.9458387660312388,wt,1.3317122,0.0
63802,AP1_FOSJUN,chr20,56221431,high,0.9705075,2.5123458,2.2732902,1.9458387660312388,ablated,1.3826797,0.05096745491027832
63802,AP1_FOSJUN,chr20,56221431,high,0.9705075,2.5123458,2.2732902,1.9458387660312388,position_control,1.3482808,0.016568541526794434
72188,AP1_FOSJUN,chr3,132255144,high,0.95579225,2.6260877,0.9788786,1.215467811105041,wt,0.98189944,0.0
72188,AP1_FOSJUN,chr3,132255144,high,0.95579225,2.6260877,0.9788786,1.215467811105041,ablated,0.60034704,-0.38155239820480347
72188,AP1_FOSJUN,chr3,132255144,high,0.95579225,2.6260877,0.9788786,1.215467811105041,position_control,0.82402855,-0.15787088871002197
62167,AP1_FOSJUN,chr20,19914427,high,0.9610134,2.7167757,2.7359002,2.244122136931437,wt,1.3739638,0.0
62167,AP1_FOSJUN,chr20,19914427,high,0.9610134,2.7167757,2.7359002,2.244122136931437,ablated,0.8676931,-0.506270706653595
62167,AP1_FOSJUN,chr20,19914427,high,0.9610134,2.7167757,2.7359002,2.244122136931437,position_control,1.3285462,-0.0454176664352417
60507,AP1_FOSJUN,chr2,229728565,high,0.9678712,2.7707968,1.0607818,1.7434935215236993,wt,0.95280427,0.0
60507,AP1_FOSJUN,chr2,229728565,high,0.9678712,2.7707968,1.0607818,1.7434935215236993,ablated,0.8044432,-0.14836108684539795
60507,AP1_FOSJUN,chr2,229728565,high,0.9678712,2.7707968,1.0607818,1.7434935215236993,position_control,0.91507006,-0.03773421049118042
62221,AP1_FOSJUN,chr20,22861514,high,0.95579225,2.783759,3.0781898,2.305164086358356,wt,1.1473482,0.0
62221,AP1_FOSJUN,chr20,22861514,high,0.95579225,2.783759,3.0781898,2.305164086358356,ablated,1.0288597,-0.11848843097686768
62221,AP1_FOSJUN,chr20,22861514,high,0.95579225,2.783759,3.0781898,2.305164086358356,position_control,1.1563168,0.008968591690063477
65896,AP1_FOSJUN,chr22,24434372,high,0.95579225,2.8419468,4.053386,1.97188277917074,wt,1.3358788,0.0
65896,AP1_FOSJUN,chr22,24434372,high,0.95579225,2.8419468,4.053386,1.97188277917074,ablated,1.0656261,-0.27025270462036133
65896,AP1_FOSJUN,chr22,24434372,high,0.95579225,2.8419468,4.053386,1.97188277917074,position_control,1.3342726,-0.0016062259674072266
47848,NFKB_RELA,chr18,59815153,high,0.9607586,2.025489,1.3469003,0.1600540449694164,wt,0.14304458,0.0
47848,NFKB_RELA,chr18,59815153,high,0.9607586,2.025489,1.3469003,0.1600540449694164,ablated,0.41478497,0.2717403918504715
47848,NFKB_RELA,chr18,59815153,high,0.9607586,2.025489,1.3469003,0.1600540449694164,position_control,0.1874182,0.04437361657619476
23518,NFKB_RELA,chr12,46089977,high,0.9873798,2.0323799,1.1977938,1.936913931854584,wt,0.89977974,0.0
23518,NFKB_RELA,chr12,46089977,high,0.9873798,2.0323799,1.1977938,1.936913931854584,ablated,0.81677103,-0.08300870656967163
23518,NFKB_RELA,chr12,46089977,high,0.9873798,2.0323799,1.1977938,1.936913931854584,position_control,0.8837134,-0.016066312789916992
68234,NFKB_RELA,chr3,23668472,high,0.99815726,2.0473628,1.1182963,0.4297858631932239,wt,0.4609264,0.0
68234,NFKB_RELA,chr3,23668472,high,0.99815726,2.0473628,1.1182963,0.4297858631932239,ablated,0.43245995,-0.028466463088989258
68234,NFKB_RELA,chr3,23668472,high,0.99815726,2.0473628,1.1182963,0.4297858631932239,position_control,0.3882032,-0.07272320985794067
66155,NFKB_RELA,chr22,30250978,high,0.9605749,2.058832,0.2299476,1.7865140238695458,wt,0.6456266,0.0
66155,NFKB_RELA,chr22,30250978,high,0.9605749,2.058832,0.2299476,1.7865140238695458,ablated,0.25738597,-0.38824063539505005
66155,NFKB_RELA,chr22,30250978,high,0.9605749,2.058832,0.2299476,1.7865140238695458,position_control,0.66376054,0.018133938312530518
7170,NFKB_RELA,chr1,165482419,high,0.99815726,2.0681295,2.4474359,0.4831864544898754,wt,1.1192565,0.0
7170,NFKB_RELA,chr1,165482419,high,0.99815726,2.0681295,2.4474359,0.4831864544898754,ablated,1.0555526,-0.06370389461517334
7170,NFKB_RELA,chr1,165482419,high,0.99815726,2.0681295,2.4474359,0.4831864544898754,position_control,1.2846133,0.16535675525665283
14709,NFKB_RELA,chr10,91684081,high,0.98553705,2.0740929,1.3467735,0.8380956991540535,wt,0.9859661,0.0
14709,NFKB_RELA,chr10,91684081,high,0.98553705,2.0740929,1.3467735,0.8380956991540535,ablated,0.7339328,-0.2520332932472229
14709,NFKB_RELA,chr10,91684081,high,0.98553705,2.0740929,1.3467735,0.8380956991540535,position_control,0.94956255,-0.036403536796569824
64068,NFKB_RELA,chr20,62502160,high,0.97898096,2.075096,3.1644642,2.351334931205124,wt,1.0775104,0.0
64068,NFKB_RELA,chr20,62502160,high,0.97898096,2.075096,3.1644642,2.351334931205124,ablated,0.86688966,-0.2106207013130188
64068,NFKB_RELA,chr20,62502160,high,0.97898096,2.075096,3.1644642,2.351334931205124,position_control,1.0773859,-0.00012445449829101562
35023,NFKB_RELA,chr15,45448597,high,0.9607586,2.076286,2.6194963,1.3002078936601669,wt,1.3831217,0.0
35023,NFKB_RELA,chr15,45448597,high,0.9607586,2.076286,2.6194963,1.3002078936601669,ablated,1.3544437,-0.028678059577941895
35023,NFKB_RELA,chr15,45448597,high,0.9607586,2.076286,2.6194963,1.3002078936601669,position_control,1.3747426,-0.008379101753234863
48162,NFKB_RELA,chr18,73962442,high,1.0,2.0824003,3.2028062,0.9243530849263804,wt,0.6683042,0.0
48162,NFKB_RELA,chr18,73962442,high,1.0,2.0824003,3.2028062,0.9243530849263804,ablated,0.6279436,-0.04036062955856323
48162,NFKB_RELA,chr18,73962442,high,1.0,2.0824003,3.2028062,0.9243530849263804,position_control,0.88941234,0.22110813856124878
40692,NFKB_RELA,chr16,74760544,high,0.99815726,2.1434722,2.8938305,1.2344191075674826,wt,1.8241012,0.0
40692,NFKB_RELA,chr16,74760544,high,0.99815726,2.1434722,2.8938305,1.2344191075674826,ablated,1.4300842,-0.39401698112487793
40692,NFKB_RELA,chr16,74760544,high,0.99815726,2.1434722,2.8938305,1.2344191075674826,position_control,1.9087516,0.08465039730072021
95613,NFKB_RELA,chr7,55533601,high,0.9873798,2.1682618,1.2834338,0.9247243075050112,wt,1.1283135,0.0
95613,NFKB_RELA,chr7,55533601,high,0.9873798,2.1682618,1.2834338,0.9247243075050112,ablated,1.0741382,-0.054175376892089844
95613,NFKB_RELA,chr7,55533601,high,0.9873798,2.1682618,1.2834338,0.9247243075050112,position_control,1.1499617,0.021648168563842773
72649,NFKB_RELA,chr3,143307829,high,0.9587322,2.1768208,2.941053,1.2002994117713432,wt,0.9563766,0.0
72649,NFKB_RELA,chr3,143307829,high,0.9587322,2.1768208,2.941053,1.2002994117713432,ablated,0.92461854,-0.03175806999206543
72649,NFKB_RELA,chr3,143307829,high,0.9587322,2.1768208,2.941053,1.2002994117713432,position_control,0.9780066,0.02162998914718628
20114,NFKB_RELA,chr11,94000790,high,0.9607586,2.2337425,1.471519,2.5469934804538896,wt,0.11920332,0.0
20114,NFKB_RELA,chr11,94000790,high,0.9607586,2.2337425,1.471519,2.5469934804538896,ablated,0.14561272,0.026409395039081573
20114,NFKB_RELA,chr11,94000790,high,0.9607586,2.2337425,1.471519,2.5469934804538896,position_control,0.24439397,0.12519065290689468
2773,NFKB_RELA,chr1,44686093,high,0.95891595,2.2503798,1.7136971,0.9432859974045584,wt,0.9399259,0.0
2773,NFKB_RELA,chr1,44686093,high,0.95891595,2.2503798,1.7136971,0.9432859974045584,ablated,0.8703298,-0.06959611177444458
2773,NFKB_RELA,chr1,44686093,high,0.95891595,2.2503798,1.7136971,0.9432859974045584,position_control,0.8977992,-0.04212671518325806
72650,NFKB_RELA,chr3,143308007,high,0.95891595,2.2677019,3.2755613,-0.1269851859538005,wt,1.101186,0.0
72650,NFKB_RELA,chr3,143308007,high,0.95891595,2.2677019,3.2755613,-0.1269851859538005,ablated,0.97371143,-0.1274746060371399
72650,NFKB_RELA,chr3,143308007,high,0.95891595,2.2677019,3.2755613,-0.1269851859538005,position_control,1.1582778,0.057091712951660156
91418,NFKB_RELA,chr6,119587748,high,1.0000001,2.30457,2.7408848,0.0660451907891185,wt,1.657711,0.0
91418,NFKB_RELA,chr6,119587748,high,1.0000001,2.30457,2.7408848,0.0660451907891185,ablated,1.2931846,-0.3645263910293579
91418,NFKB_RELA,chr6,119587748,high,1.0000001,2.30457,2.7408848,0.0660451907891185,position_control,1.6681207,0.010409712791442871
56461,NFKB_RELA,chr2,113822576,high,0.9587322,2.49924,3.375466,2.498896936760892,wt,0.6529178,0.0
56461,NFKB_RELA,chr2,113822576,high,0.9587322,2.49924,3.375466,2.498896936760892,ablated,0.5268862,-0.12603157758712769
56461,NFKB_RELA,chr2,113822576,high,0.9587322,2.49924,3.375466,2.498896936760892,position_control,0.649391,-0.0035268068313598633
88127,NFKB_RELA,chr6,26388670,high,1.0,2.5046706,2.7065206,1.9317935682164868,wt,1.0398619,0.0
88127,NFKB_RELA,chr6,26388670,high,1.0,2.5046706,2.7065206,1.9317935682164868,ablated,0.8201069,-0.21975499391555786
88127,NFKB_RELA,chr6,26388670,high,1.0,2.5046706,2.7065206,1.9317935682164868,position_control,1.0230192,-0.01684272289276123
99137,NFKB_RELA,chr8,12611122,high,0.9605749,2.5293713,2.5880191,1.628038434506783,wt,0.29646713,0.0
99137,NFKB_RELA,chr8,12611122,high,0.9605749,2.5293713,2.5880191,1.628038434506783,ablated,0.18570039,-0.11076673865318298
99137,NFKB_RELA,chr8,12611122,high,0.9605749,2.5293713,2.5880191,1.628038434506783,position_control,0.22661981,-0.06984731554985046
75738,NFKB_RELA,chr4,24226503,high,0.9605749,2.6049192,1.768102,1.8704973002620733,wt,0.85586876,0.0
75738,NFKB_RELA,chr4,24226503,high,0.9605749,2.6049192,1.768102,1.8704973002620733,ablated,0.8266339,-0.029234886169433594
75738,NFKB_RELA,chr4,24226503,high,0.9605749,2.6049192,1.768102,1.8704973002620733,position_control,0.84935457,-0.006514191627502441
81645,NFKB_RELA,chr5,53212025,high,0.99815726,2.6216123,3.6933017,2.0031208863144565,wt,1.3347336,0.0
81645,NFKB_RELA,chr5,53212025,high,0.99815726,2.6216123,3.6933017,2.0031208863144565,ablated,1.1748688,-0.15986478328704834
81645,NFKB_RELA,chr5,53212025,high,0.99815726,2.6216123,3.6933017,2.0031208863144565,position_control,1.2848623,-0.04987132549285889
40693,NFKB_RELA,chr16,74760649,high,0.99815726,2.749814,1.7713168,2.051536860100038,wt,1.5928324,0.0
40693,NFKB_RELA,chr16,74760649,high,0.99815726,2.749814,1.7713168,2.051536860100038,ablated,1.2585846,-0.3342478275299072
40693,NFKB_RELA,chr16,74760649,high,0.99815726,2.749814,1.7713168,2.051536860100038,position_control,1.6365712,0.043738722801208496
20107,NFKB_RELA,chr11,93939380,high,0.95891595,2.7657897,3.3737485,1.8302978001123893,wt,1.4953846,0.0
20107,NFKB_RELA,chr11,93939380,high,0.95891595,2.7657897,3.3737485,1.8302978001123893,ablated,1.451474,-0.04391062259674072
20107,NFKB_RELA,chr11,93939380,high,0.95891595,2.7657897,3.3737485,1.8302978001123893,position_control,1.4580693,-0.0373152494430542
49253,NFKB_RELA,chr19,13637960,high,0.9551907,2.922088,1.2593882,1.8501773066148104,wt,1.3815567,0.0
49253,NFKB_RELA,chr19,13637960,high,0.9551907,2.922088,1.2593882,1.8501773066148104,ablated,1.3126307,-0.06892609596252441
49253,NFKB_RELA,chr19,13637960,high,0.9551907,2.922088,1.2593882,1.8501773066148104,position_control,1.3665484,-0.015008330345153809
