label,K,arrangement,variant,seed,bases_inserted,pred,delta
empty,0,none,real,0,0,0.5823108,0.0
NFKB_RELA,18,single,real,0,180,1.3987029,0.81639206
NFKB_RELA,18,single,scrambled,0,180,0.8160389,0.23372811
CEBPB,18,single,real,0,144,1.2093512,0.6270404
CEBPB,18,single,scrambled,0,144,0.7962105,0.21389973
ETS1,18,single,real,0,126,0.7261431,0.14383233
ETS1,18,single,scrambled,0,126,0.5905315,0.008220732
NFKB_RELA+ETS1,18,clustered,real,0,153,1.3415236,0.75921285
NFKB_RELA+ETS1,18,clustered,scrambled,0,153,0.86881614,0.28650534
NFKB_RELA+CEBPB+ETS1,18,clustered,real,0,150,0.55216706,-0.030143738
NFKB_RELA+CEBPB+ETS1,18,clustered,scrambled,0,150,0.77777505,0.19546425
NFKB_RELA,20,single,real,0,200,1.1756098,0.59329903
NFKB_RELA,20,single,scrambled,0,200,0.809291,0.22698021
CEBPB,20,single,real,0,160,1.1422887,0.5599779
CEBPB,20,single,scrambled,0,160,0.7394473,0.1571365
ETS1,20,single,real,0,140,0.6088296,0.026518822
ETS1,20,single,scrambled,0,140,0.43990928,-0.14240152
NFKB_RELA+ETS1,20,clustered,real,0,170,1.0677544,0.4854436
NFKB_RELA+ETS1,20,clustered,scrambled,0,170,0.4301101,-0.1522007
NFKB_RELA+CEBPB+ETS1,20,clustered,real,0,164,1.1144872,0.5321764
NFKB_RELA+CEBPB+ETS1,20,clustered,scrambled,0,164,0.7501349,0.16782409
empty,0,none,real,1,0,0.92688054,0.0
NFKB_RELA,18,single,real,1,180,1.4467092,0.5198286
NFKB_RELA,18,single,scrambled,1,180,0.83428854,-0.092592
CEBPB,18,single,real,1,144,1.1605287,0.23364812
CEBPB,18,single,scrambled,1,144,0.87006193,-0.056818604
ETS1,18,single,real,1,126,0.8950931,-0.031787455
ETS1,18,single,scrambled,1,126,0.6607608,-0.26611972
NFKB_RELA+ETS1,18,clustered,real,1,153,1.483321,0.5564404
NFKB_RELA+ETS1,18,clustered,scrambled,1,153,0.7706842,-0.15619636
NFKB_RELA+CEBPB+ETS1,18,clustered,real,1,150,0.8643988,-0.06248176
NFKB_RELA+CEBPB+ETS1,18,clustered,scrambled,1,150,0.7983375,-0.12854302
NFKB_RELA,20,single,real,1,200,1.1756098,0.24872929
NFKB_RELA,20,single,scrambled,1,200,0.8334226,-0.09345794
CEBPB,20,single,real,1,160,0.9807052,0.053824663
CEBPB,20,single,scrambled,1,160,0.8689878,-0.05789274
ETS1,20,single,real,1,140,0.7452506,-0.18162996
ETS1,20,single,scrambled,1,140,0.6536772,-0.2732033
NFKB_RELA+ETS1,20,clustered,real,1,170,1.1383951,0.21151453
NFKB_RELA+ETS1,20,clustered,scrambled,1,170,0.87265444,-0.0542261
NFKB_RELA+CEBPB+ETS1,20,clustered,real,1,164,1.1957104,0.26882988
NFKB_RELA+CEBPB+ETS1,20,clustered,scrambled,1,164,0.9122028,-0.014677763
empty,0,none,real,2,0,0.4911169,0.0
NFKB_RELA,18,single,real,2,180,1.4045011,0.9133842
NFKB_RELA,18,single,scrambled,2,180,0.77438694,0.28327003
CEBPB,18,single,real,2,144,1.2870127,0.7958958
CEBPB,18,single,scrambled,2,144,0.6432715,0.1521546
ETS1,18,single,real,2,126,0.7340295,0.24291256
ETS1,18,single,scrambled,2,126,0.59624296,0.10512605
NFKB_RELA+ETS1,18,clustered,real,2,153,1.3426757,0.8515588
NFKB_RELA+ETS1,18,clustered,scrambled,2,153,0.81588215,0.32476524
NFKB_RELA+CEBPB+ETS1,18,clustered,real,2,150,0.93972695,0.44861004
NFKB_RELA+CEBPB+ETS1,18,clustered,scrambled,2,150,0.77076775,0.27965084
NFKB_RELA,20,single,real,2,200,1.1756098,0.68449295
NFKB_RELA,20,single,scrambled,2,200,0.73716253,0.24604562
CEBPB,20,single,real,2,160,1.1012571,0.6101402
CEBPB,20,single,scrambled,2,160,0.7662372,0.2751203
ETS1,20,single,real,2,140,0.6196233,0.12850639
ETS1,20,single,scrambled,2,140,0.56946176,0.07834485
NFKB_RELA+ETS1,20,clustered,real,2,170,1.0488442,0.55772734
NFKB_RELA+ETS1,20,clustered,scrambled,2,170,0.8068897,0.3157728
NFKB_RELA+CEBPB+ETS1,20,clustered,real,2,164,0.5726499,0.081532985
NFKB_RELA+CEBPB+ETS1,20,clustered,scrambled,2,164,0.8294449,0.33832797
empty,0,none,real,3,0,0.6042709,0.0
NFKB_RELA,18,single,real,3,180,1.3977666,0.7934957
NFKB_RELA,18,single,scrambled,3,180,0.761685,0.15741414
CEBPB,18,single,real,3,144,1.1547954,0.55052453
CEBPB,18,single,scrambled,3,144,0.9118106,0.3075397
ETS1,18,single,real,3,126,0.74428827,0.14001739
ETS1,18,single,scrambled,3,126,0.5831678,-0.021103084
NFKB_RELA+ETS1,18,clustered,real,3,153,1.3981006,0.79382974
NFKB_RELA+ETS1,18,clustered,scrambled,3,153,0.7556318,0.15136093
NFKB_RELA+CEBPB+ETS1,18,clustered,real,3,150,0.7594747,0.15520382
NFKB_RELA+CEBPB+ETS1,18,clustered,scrambled,3,150,0.7720179,0.16774702
NFKB_RELA,20,single,real,3,200,1.1756098,0.57133895
NFKB_RELA,20,single,scrambled,3,200,0.8402023,0.2359314
CEBPB,20,single,real,3,160,1.1250181,0.52074724
CEBPB,20,single,scrambled,3,160,0.84203464,0.23776376
ETS1,20,single,real,3,140,0.6154453,0.01117444
ETS1,20,single,scrambled,3,140,0.51959795,-0.08467293
NFKB_RELA+ETS1,20,clustered,real,3,170,1.1104109,0.50614005
NFKB_RELA+ETS1,20,clustered,scrambled,3,170,0.74875003,0.14447916
NFKB_RELA+CEBPB+ETS1,20,clustered,real,3,164,0.89486206,0.29059118
NFKB_RELA+CEBPB+ETS1,20,clustered,scrambled,3,164,0.76095015,0.15667927
empty,0,none,real,4,0,0.611097,0.0
NFKB_RELA,18,single,real,4,180,1.3768762,0.76577926
NFKB_RELA,18,single,scrambled,4,180,0.81305414,0.20195717
CEBPB,18,single,real,4,144,1.2056732,0.59457624
CEBPB,18,single,scrambled,4,144,0.7205842,0.109487236
ETS1,18,single,real,4,126,0.6545924,0.043495417
ETS1,18,single,scrambled,4,126,0.33345956,-0.27763742
NFKB_RELA+ETS1,18,clustered,real,4,153,1.252544,0.64144707
NFKB_RELA+ETS1,18,clustered,scrambled,4,153,0.71720225,0.10610527
NFKB_RELA+CEBPB+ETS1,18,clustered,real,4,150,0.84639764,0.23530066
NFKB_RELA+CEBPB+ETS1,18,clustered,scrambled,4,150,0.5625815,-0.0485155
NFKB_RELA,20,single,real,4,200,1.1756098,0.56451285
NFKB_RELA,20,single,scrambled,4,200,0.7128076,0.10171062
CEBPB,20,single,real,4,160,1.1239192,0.5128223
CEBPB,20,single,scrambled,4,160,0.8211836,0.21008664
ETS1,20,single,real,4,140,0.70910645,0.09800947
ETS1,20,single,scrambled,4,140,0.5753748,-0.035722196
NFKB_RELA+ETS1,20,clustered,real,4,170,1.1721392,0.5610422
NFKB_RELA+ETS1,20,clustered,scrambled,4,170,0.7093955,0.09829855
NFKB_RELA+CEBPB+ETS1,20,clustered,real,4,164,1.1724674,0.5613704
NFKB_RELA+CEBPB+ETS1,20,clustered,scrambled,4,164,0.7182776,0.107180595
empty,0,none,real,5,0,0.5566109,0.0
NFKB_RELA,18,single,real,5,180,1.4331628,0.8765519
NFKB_RELA,18,single,scrambled,5,180,0.81266415,0.25605327
CEBPB,18,single,real,5,144,1.0840257,0.52741486
CEBPB,18,single,scrambled,5,144,0.76445395,0.20784307
ETS1,18,single,real,5,126,0.7470107,0.19039983
ETS1,18,single,scrambled,5,126,0.6551143,0.09850341
NFKB_RELA+ETS1,18,clustered,real,5,153,1.3376783,0.78106743
NFKB_RELA+ETS1,18,clustered,scrambled,5,153,0.9122173,0.35560644
NFKB_RELA+CEBPB+ETS1,18,clustered,real,5,150,0.721241,0.16463012
NFKB_RELA+CEBPB+ETS1,18,clustered,scrambled,5,150,0.9193929,0.362782
NFKB_RELA,20,single,real,5,200,1.1756098,0.61899894
NFKB_RELA,20,single,scrambled,5,200,0.6920791,0.13546824
CEBPB,20,single,real,5,160,0.95700604,0.40039515
CEBPB,20,single,scrambled,5,160,0.7918931,0.23528224
ETS1,20,single,real,5,140,0.65676886,0.100157976
ETS1,20,single,scrambled,5,140,0.63190764,0.07529676
NFKB_RELA+ETS1,20,clustered,real,5,170,1.0436044,0.4869935
NFKB_RELA+ETS1,20,clustered,scrambled,5,170,0.81035525,0.25374436
NFKB_RELA+CEBPB+ETS1,20,clustered,real,5,164,1.2534418,0.6968309
NFKB_RELA+CEBPB+ETS1,20,clustered,scrambled,5,164,0.77351534,0.21690446
empty,0,none,real,6,0,0.6659438,0.0
NFKB_RELA,18,single,real,6,180,1.3943288,0.72838503
NFKB_RELA,18,single,scrambled,6,180,0.93026674,0.26432294
CEBPB,18,single,real,6,144,1.084691,0.41874725
CEBPB,18,single,scrambled,6,144,0.78412884,0.11818504
ETS1,18,single,real,6,126,0.72660536,0.060661554
ETS1,18,single,scrambled,6,126,0.6845405,0.018596709
NFKB_RELA+ETS1,18,clustered,real,6,153,1.3786862,0.7127424
NFKB_RELA+ETS1,18,clustered,scrambled,6,153,0.7722712,0.106327415
NFKB_RELA+CEBPB+ETS1,18,clustered,real,6,150,1.2847784,0.61883456
NFKB_RELA+CEBPB+ETS1,18,clustered,scrambled,6,150,0.81801856,0.15207475
NFKB_RELA,20,single,real,6,200,1.1756098,0.509666
NFKB_RELA,20,single,scrambled,6,200,0.7884967,0.12255287
CEBPB,20,single,real,6,160,1.0998592,0.43391544
CEBPB,20,single,scrambled,6,160,0.7776569,0.11171311
ETS1,20,single,real,6,140,0.58161473,-0.08432907
ETS1,20,single,scrambled,6,140,0.42065147,-0.24529234
NFKB_RELA+ETS1,20,clustered,real,6,170,1.1013458,0.43540198
NFKB_RELA+ETS1,20,clustered,scrambled,6,170,0.6590298,-0.0069140196
NFKB_RELA+CEBPB+ETS1,20,clustered,real,6,164,0.96139413,0.29545033
NFKB_RELA+CEBPB+ETS1,20,clustered,scrambled,6,164,0.6935024,0.027558625
empty,0,none,real,7,0,0.661328,0.0
NFKB_RELA,18,single,real,7,180,1.3208461,0.65951806
NFKB_RELA,18,single,scrambled,7,180,0.7480477,0.08671969
CEBPB,18,single,real,7,144,1.2455504,0.5842224
CEBPB,18,single,scrambled,7,144,0.9100487,0.2487207
ETS1,18,single,real,7,126,0.6609457,-0.0003823042
ETS1,18,single,scrambled,7,126,0.5412495,-0.120078504
NFKB_RELA+ETS1,18,clustered,real,7,153,1.254693,0.593365
NFKB_RELA+ETS1,18,clustered,scrambled,7,153,0.69526726,0.033939242
NFKB_RELA+CEBPB+ETS1,18,clustered,real,7,150,0.9983902,0.33706218
NFKB_RELA+CEBPB+ETS1,18,clustered,scrambled,7,150,0.8060828,0.14475477
NFKB_RELA,20,single,real,7,200,1.1756098,0.5142818
NFKB_RELA,20,single,scrambled,7,200,0.77277625,0.11144823
CEBPB,20,single,real,7,160,1.1077304,0.44640237
CEBPB,20,single,scrambled,7,160,0.7722575,0.11092949
ETS1,20,single,real,7,140,0.6331716,-0.0281564
ETS1,20,single,scrambled,7,140,0.4448176,-0.21651042
NFKB_RELA+ETS1,20,clustered,real,7,170,1.0863686,0.42504054
NFKB_RELA+ETS1,20,clustered,scrambled,7,170,0.7218277,0.060499668
NFKB_RELA+CEBPB+ETS1,20,clustered,real,7,164,1.006939,0.34561104
NFKB_RELA+CEBPB+ETS1,20,clustered,scrambled,7,164,0.7417371,0.08040911
empty,0,none,real,8,0,0.47119218,0.0
NFKB_RELA,18,single,real,8,180,1.4220159,0.9508237
NFKB_RELA,18,single,scrambled,8,180,0.95276374,0.48157156
CEBPB,18,single,real,8,144,1.203439,0.7322468
CEBPB,18,single,scrambled,8,144,0.81041247,0.3392203
ETS1,18,single,real,8,126,0.58052623,0.10933405
ETS1,18,single,scrambled,8,126,0.47126704,7.4863434e-05
NFKB_RELA+ETS1,18,clustered,real,8,153,1.2854013,0.81420916
NFKB_RELA+ETS1,18,clustered,scrambled,8,153,0.86870104,0.39750886
NFKB_RELA+CEBPB+ETS1,18,clustered,real,8,150,1.1550472,0.683855
NFKB_RELA+CEBPB+ETS1,18,clustered,scrambled,8,150,0.8277781,0.35658592
NFKB_RELA,20,single,real,8,200,1.1756098,0.70441765
NFKB_RELA,20,single,scrambled,8,200,0.8198872,0.34869504
CEBPB,20,single,real,8,160,1.0898023,0.6186101
CEBPB,20,single,scrambled,8,160,0.8669904,0.3957982
ETS1,20,single,real,8,140,0.5615374,0.090345204
ETS1,20,single,scrambled,8,140,0.5260491,0.054856896
NFKB_RELA+ETS1,20,clustered,real,8,170,1.0673192,0.596127
NFKB_RELA+ETS1,20,clustered,scrambled,8,170,0.8181833,0.34699112
NFKB_RELA+CEBPB+ETS1,20,clustered,real,8,164,1.1480153,0.6768231
NFKB_RELA+CEBPB+ETS1,20,clustered,scrambled,8,164,0.7664206,0.29522842
empty,0,none,real,9,0,0.55931634,0.0
NFKB_RELA,18,single,real,9,180,1.3994699,0.8401535
NFKB_RELA,18,single,scrambled,9,180,0.8651788,0.3058625
CEBPB,18,single,real,9,144,1.1458802,0.5865639
CEBPB,18,single,scrambled,9,144,0.98541003,0.4260937
ETS1,18,single,real,9,126,0.79551196,0.23619562
ETS1,18,single,scrambled,9,126,0.607888,0.048571646
NFKB_RELA+ETS1,18,clustered,real,9,153,1.3668729,0.80755657
NFKB_RELA+ETS1,18,clustered,scrambled,9,153,0.8209296,0.26161325
NFKB_RELA+CEBPB+ETS1,18,clustered,real,9,150,1.2314322,0.67211586
NFKB_RELA+CEBPB+ETS1,18,clustered,scrambled,9,150,0.8454244,0.28610808
NFKB_RELA,20,single,real,9,200,1.1756098,0.6162935
NFKB_RELA,20,single,scrambled,9,200,0.865904,0.30658764
CEBPB,20,single,real,9,160,1.0601387,0.50082237
CEBPB,20,single,scrambled,9,160,0.96518695,0.40587062
ETS1,20,single,real,9,140,0.61246556,0.053149223
ETS1,20,single,scrambled,9,140,0.54032665,-0.018989682
NFKB_RELA+ETS1,20,clustered,real,9,170,1.12324,0.56392366
NFKB_RELA+ETS1,20,clustered,scrambled,9,170,0.7622447,0.20292836
NFKB_RELA+CEBPB+ETS1,20,clustered,real,9,164,1.1167487,0.55743235
NFKB_RELA+CEBPB+ETS1,20,clustered,scrambled,9,164,0.7376177,0.17830133
