condition,arrangement,K_from,K_to,delta_from,delta_to,gain_per_copy
CEBPB,single,6,12,0.1876606792211532,0.5836732983589172,0.06600210318962733
CEBPB,single,12,18,0.5836732983589172,0.35845547914505005,-0.037536303202311196
CEBPB,single,18,20,0.35845547914505005,0.25758495926856995,-0.05043525993824005
ETS1,single,6,12,0.2277075052261352,0.2146761864423751,-0.0021718864639600163
ETS1,single,12,18,0.2146761864423751,0.15405242145061493,-0.010103960831960029
ETS1,single,18,20,0.15405242145061493,0.10220398753881454,-0.025924216955900192
NFKB_RELA,single,6,12,0.4196434915065765,0.6017931699752808,0.030358279744784045
NFKB_RELA,single,12,18,0.6017931699752808,0.5686004757881165,-0.005532115697860718
NFKB_RELA,single,18,20,0.5686004757881165,0.388406902551651,-0.09009678661823273
NFKB_RELA+CEBPB+ETS1,clustered,6,12,0.3032959103584289,0.3888733983039856,0.014262914657592782
NFKB_RELA+CEBPB+ETS1,clustered,12,18,0.3888733983039856,0.14548775553703308,-0.04056427379449209
NFKB_RELA+CEBPB+ETS1,clustered,18,20,0.14548775553703308,0.27529123425483704,0.06490173935890198
NFKB_RELA+ETS1,clustered,6,12,0.3919179737567901,0.6656626462936401,0.045624112089475005
NFKB_RELA+ETS1,clustered,12,18,0.6656626462936401,0.5443893671035767,-0.020212213198343914
NFKB_RELA+ETS1,clustered,18,20,0.5443893671035767,0.36199814081192017,-0.09119561314582825
