region,measured,NFKB_RELA_enr,NFKB_RELA_bases,CEBPB_enr,CEBPB_bases,AP1_FOSJUN_enr,AP1_FOSJUN_bases,ETS1_enr,ETS1_bases
chr7:65406557,4.837153911590576,,0,1.2301039610507232,20,4.63340729048679,33,3.0113636904108794,70
chr10:36535418,4.793585777282715,,0,1.0361253720871848,30,3.4173699320082274,10,2.8705015516259906,50
chr3:67082938,4.603913307189941,,0,0.56410719733252,30,1.3049169153144695,10,3.5069651765741563,50
chr17:47763681,4.480169773101807,,0,,0,8.738632305683636,21,7.998950535514538,10
chr11:124601677,4.464166641235352,0.7546817262233092,10,0.7120770621048149,20,,0,1.4592178483552367,10
chr17:8935073,4.44424295425415,1.2545064906230536,30,,0,1.8832910568382382,11,1.447471676378108,40
chr20:7853384,4.391307353973389,,0,1.0325062328404342,50,1.6835530051257894,32,0.4866355241360192,10
chr16:77548513,4.39022970199585,0.48755634973147166,10,,0,6.022856785368638,10,1.6250826158124656,30
chr19:52099508,4.30608606338501,,0,1.1295491423772757,43,3.004326325365247,52,2.66408053655336,20
chr10:36534359,4.279103755950928,,0,1.2350732517597902,30,3.068185903263394,10,3.773568540318351,40
chr12:90280497,4.276946067810059,,0,0.7618055674759948,38,5.606531524175655,21,0.3232945834367529,10
chr6:141550134,4.263012409210205,,0,2.0282885159268664,30,1.9849961718807745,44,,0
chr5:67306778,4.258780002593994,6.100740536119413,10,2.4892157483966044,20,6.5342530500387435,11,6.115168993392204,30
chr16:51898569,4.242313861846924,,0,0.5582143195850859,10,3.713559392134208,10,2.285879579075189,60
chr3:67083808,4.230665683746338,,0,0.5282811316006364,30,1.5320817913827682,10,3.2264819832261433,50
chr7:41511162,4.224067687988281,,0,1.6829360676215013,60,1.6393009012912176,20,3.308285991454571,20
chr2:112885504,4.213156700134277,0.9777205904323695,20,2.254799062468592,10,,0,1.066557029869758,30
chr13:64552485,4.170358180999756,,0,1.4772090941086853,30,2.970151531973685,41,1.4162549254956112,20
