label,K,arrangement,variant,seed,bases_inserted,n_members,pred
empty,0,none,real,0,0,0,0.5823108
NFKB_RELA,6,single,real,0,60,1,0.9010704
NFKB_RELA,6,single,scrambled,0,60,1,0.58505565
CEBPB,6,single,real,0,48,1,0.43348017
CEBPB,6,single,scrambled,0,48,1,0.446354
ETS1,6,single,real,0,42,1,0.5915735
ETS1,6,single,scrambled,0,42,1,0.45186564
NFKB_RELA+CEBPB,6,interleaved,real,0,54,2,0.6112734
NFKB_RELA+CEBPB,6,interleaved,scrambled,0,54,2,0.53177595
NFKB_RELA+CEBPB,6,clustered,real,0,54,2,0.72509754
NFKB_RELA+CEBPB,6,clustered,scrambled,0,54,2,0.5227531
NFKB_RELA+ETS1,6,interleaved,real,0,51,2,0.8320164
NFKB_RELA+ETS1,6,interleaved,scrambled,0,51,2,0.49384457
NFKB_RELA+ETS1,6,clustered,real,0,51,2,0.6951831
NFKB_RELA+ETS1,6,clustered,scrambled,0,51,2,0.47391704
CEBPB+ETS1,6,interleaved,real,0,45,2,0.39530134
CEBPB+ETS1,6,interleaved,scrambled,0,45,2,0.43840367
CEBPB+ETS1,6,clustered,real,0,45,2,0.42247325
CEBPB+ETS1,6,clustered,scrambled,0,45,2,0.4019013
NFKB_RELA+CEBPB+ETS1,6,interleaved,real,0,50,3,0.6487517
NFKB_RELA+CEBPB+ETS1,6,interleaved,scrambled,0,50,3,0.5416071
NFKB_RELA+CEBPB+ETS1,6,clustered,real,0,50,3,0.615046
NFKB_RELA+CEBPB+ETS1,6,clustered,scrambled,0,50,3,0.45481193
NFKB_RELA,12,single,real,0,120,1,1.3499622
NFKB_RELA,12,single,scrambled,0,120,1,0.8567289
CEBPB,12,single,real,0,96,1,1.3921051
CEBPB,12,single,scrambled,0,96,1,0.7733843
ETS1,12,single,real,0,84,1,0.5710468
ETS1,12,single,scrambled,0,84,1,0.5413756
NFKB_RELA+CEBPB,12,interleaved,real,0,108,2,0.77156603
NFKB_RELA+CEBPB,12,interleaved,scrambled,0,108,2,0.81756467
NFKB_RELA+CEBPB,12,clustered,real,0,108,2,0.9287557
NFKB_RELA+CEBPB,12,clustered,scrambled,0,108,2,0.81175625
NFKB_RELA+ETS1,12,interleaved,real,0,102,2,0.98760134
NFKB_RELA+ETS1,12,interleaved,scrambled,0,102,2,0.7005283
NFKB_RELA+ETS1,12,clustered,real,0,102,2,1.169848
NFKB_RELA+ETS1,12,clustered,scrambled,0,102,2,0.753198
CEBPB+ETS1,12,interleaved,real,0,90,2,0.64887875
CEBPB+ETS1,12,interleaved,scrambled,0,90,2,0.6549479
CEBPB+ETS1,12,clustered,real,0,90,2,0.94640326
CEBPB+ETS1,12,clustered,scrambled,0,90,2,0.59874755
NFKB_RELA+CEBPB+ETS1,12,interleaved,real,0,100,3,0.97687
NFKB_RELA+CEBPB+ETS1,12,interleaved,scrambled,0,100,3,0.74177146
NFKB_RELA+CEBPB+ETS1,12,clustered,real,0,100,3,0.81763077
NFKB_RELA+CEBPB+ETS1,12,clustered,scrambled,0,100,3,0.85263467
empty,0,none,real,1,0,0,0.92688054
NFKB_RELA,6,single,real,1,60,1,1.2780211
NFKB_RELA,6,single,scrambled,1,60,1,0.8475426
CEBPB,6,single,real,1,48,1,0.8809795
CEBPB,6,single,scrambled,1,48,1,0.81927776
ETS1,6,single,real,1,42,1,1.3073056
ETS1,6,single,scrambled,1,42,1,0.7104286
NFKB_RELA+CEBPB,6,interleaved,real,1,54,2,1.255228
NFKB_RELA+CEBPB,6,interleaved,scrambled,1,54,2,0.80956405
NFKB_RELA+CEBPB,6,clustered,real,1,54,2,1.0326134
NFKB_RELA+CEBPB,6,clustered,scrambled,1,54,2,0.81264913
NFKB_RELA+ETS1,6,interleaved,real,1,51,2,0.9553048
NFKB_RELA+ETS1,6,interleaved,scrambled,1,51,2,0.77404916
NFKB_RELA+ETS1,6,clustered,real,1,51,2,0.9871475
NFKB_RELA+ETS1,6,clustered,scrambled,1,51,2,0.7573293
CEBPB+ETS1,6,interleaved,real,1,45,2,0.7203861
CEBPB+ETS1,6,interleaved,scrambled,1,45,2,0.7729431
CEBPB+ETS1,6,clustered,real,1,45,2,1.0572288
CEBPB+ETS1,6,clustered,scrambled,1,45,2,0.7434516
NFKB_RELA+CEBPB+ETS1,6,interleaved,real,1,50,3,0.4080171
NFKB_RELA+CEBPB+ETS1,6,interleaved,scrambled,1,50,3,0.842025
NFKB_RELA+CEBPB+ETS1,6,clustered,real,1,50,3,1.1705687
NFKB_RELA+CEBPB+ETS1,6,clustered,scrambled,1,50,3,0.74895734
NFKB_RELA,12,single,real,1,120,1,1.3192749
NFKB_RELA,12,single,scrambled,1,120,1,0.85864854
CEBPB,12,single,real,1,96,1,1.4480102
CEBPB,12,single,scrambled,1,96,1,0.8660427
ETS1,12,single,real,1,84,1,0.9017959
ETS1,12,single,scrambled,1,84,1,0.6600343
NFKB_RELA+CEBPB,12,interleaved,real,1,108,2,0.8889995
NFKB_RELA+CEBPB,12,interleaved,scrambled,1,108,2,0.85261357
NFKB_RELA+CEBPB,12,clustered,real,1,108,2,1.1753485
NFKB_RELA+CEBPB,12,clustered,scrambled,1,108,2,0.87006897
NFKB_RELA+ETS1,12,interleaved,real,1,102,2,1.3773922
NFKB_RELA+ETS1,12,interleaved,scrambled,1,102,2,0.7354559
NFKB_RELA+ETS1,12,clustered,real,1,102,2,1.5232669
NFKB_RELA+ETS1,12,clustered,scrambled,1,102,2,0.7663055
CEBPB+ETS1,12,interleaved,real,1,90,2,1.0443785
CEBPB+ETS1,12,interleaved,scrambled,1,90,2,0.74148506
CEBPB+ETS1,12,clustered,real,1,90,2,1.0980444
CEBPB+ETS1,12,clustered,scrambled,1,90,2,0.70865285
NFKB_RELA+CEBPB+ETS1,12,interleaved,real,1,100,3,1.0854204
NFKB_RELA+CEBPB+ETS1,12,interleaved,scrambled,1,100,3,0.8466622
NFKB_RELA+CEBPB+ETS1,12,clustered,real,1,100,3,1.1193798
NFKB_RELA+CEBPB+ETS1,12,clustered,scrambled,1,100,3,0.8171021
empty,0,none,real,2,0,0,0.4911169
NFKB_RELA,6,single,real,2,60,1,1.0961646
NFKB_RELA,6,single,scrambled,2,60,1,0.6709414
CEBPB,6,single,real,2,48,1,0.82065874
CEBPB,6,single,scrambled,2,48,1,0.5925758
ETS1,6,single,real,2,42,1,0.7446635
ETS1,6,single,scrambled,2,42,1,0.5379392
NFKB_RELA+CEBPB,6,interleaved,real,2,54,2,1.0194561
NFKB_RELA+CEBPB,6,interleaved,scrambled,2,54,2,0.6147689
NFKB_RELA+CEBPB,6,clustered,real,2,54,2,0.9349281
NFKB_RELA+CEBPB,6,clustered,scrambled,2,54,2,0.6394092
NFKB_RELA+ETS1,6,interleaved,real,2,51,2,0.9712016
NFKB_RELA+ETS1,6,interleaved,scrambled,2,51,2,0.600428
NFKB_RELA+ETS1,6,clustered,real,2,51,2,0.89605546
NFKB_RELA+ETS1,6,clustered,scrambled,2,51,2,0.6501811
CEBPB+ETS1,6,interleaved,real,2,45,2,0.6425008
CEBPB+ETS1,6,interleaved,scrambled,2,45,2,0.55044436
CEBPB+ETS1,6,clustered,real,2,45,2,0.6909482
CEBPB+ETS1,6,clustered,scrambled,2,45,2,0.58731407
NFKB_RELA+CEBPB+ETS1,6,interleaved,real,2,50,3,0.7924854
NFKB_RELA+CEBPB+ETS1,6,interleaved,scrambled,2,50,3,0.5755908
NFKB_RELA+CEBPB+ETS1,6,clustered,real,2,50,3,0.7344409
NFKB_RELA+CEBPB+ETS1,6,clustered,scrambled,2,50,3,0.63381827
NFKB_RELA,12,single,real,2,120,1,1.4079692
NFKB_RELA,12,single,scrambled,2,120,1,0.80334353
CEBPB,12,single,real,2,96,1,1.140856
CEBPB,12,single,scrambled,2,96,1,0.5524656
ETS1,12,single,real,2,84,1,0.8466247
ETS1,12,single,scrambled,2,84,1,0.45357192
NFKB_RELA+CEBPB,12,interleaved,real,2,108,2,0.8790593
NFKB_RELA+CEBPB,12,interleaved,scrambled,2,108,2,0.68010366
NFKB_RELA+CEBPB,12,clustered,real,2,108,2,1.0638509
NFKB_RELA+CEBPB,12,clustered,scrambled,2,108,2,0.69293445
NFKB_RELA+ETS1,12,interleaved,real,2,102,2,1.2407188
NFKB_RELA+ETS1,12,interleaved,scrambled,2,102,2,0.66153044
NFKB_RELA+ETS1,12,clustered,real,2,102,2,1.3441057
NFKB_RELA+ETS1,12,clustered,scrambled,2,102,2,0.7059054
CEBPB+ETS1,12,interleaved,real,2,90,2,1.031029
CEBPB+ETS1,12,interleaved,scrambled,2,90,2,0.4980779
CEBPB+ETS1,12,clustered,real,2,90,2,1.054425
CEBPB+ETS1,12,clustered,scrambled,2,90,2,0.54769933
NFKB_RELA+CEBPB+ETS1,12,interleaved,real,2,100,3,0.9993708
NFKB_RELA+CEBPB+ETS1,12,interleaved,scrambled,2,100,3,0.66493297
NFKB_RELA+CEBPB+ETS1,12,clustered,real,2,100,3,1.050944
NFKB_RELA+CEBPB+ETS1,12,clustered,scrambled,2,100,3,0.6538509
empty,0,none,real,3,0,0,0.6042709
NFKB_RELA,6,single,real,3,60,1,1.3152695
NFKB_RELA,6,single,scrambled,3,60,1,0.7667606
CEBPB,6,single,real,3,48,1,1.021389
CEBPB,6,single,scrambled,3,48,1,0.9428386
ETS1,6,single,real,3,42,1,1.208008
ETS1,6,single,scrambled,3,42,1,0.70144516
NFKB_RELA+CEBPB,6,interleaved,real,3,54,2,0.8718917
NFKB_RELA+CEBPB,6,interleaved,scrambled,3,54,2,0.7544803
NFKB_RELA+CEBPB,6,clustered,real,3,54,2,1.1386172
NFKB_RELA+CEBPB,6,clustered,scrambled,3,54,2,0.77740794
NFKB_RELA+ETS1,6,interleaved,real,3,51,2,1.4244757
NFKB_RELA+ETS1,6,interleaved,scrambled,3,51,2,0.8149707
NFKB_RELA+ETS1,6,clustered,real,3,51,2,1.2710018
NFKB_RELA+ETS1,6,clustered,scrambled,3,51,2,0.6807479
CEBPB+ETS1,6,interleaved,real,3,45,2,0.8559176
CEBPB+ETS1,6,interleaved,scrambled,3,45,2,1.029007
CEBPB+ETS1,6,clustered,real,3,45,2,0.8421098
CEBPB+ETS1,6,clustered,scrambled,3,45,2,0.8551261
NFKB_RELA+CEBPB+ETS1,6,interleaved,real,3,50,3,1.0983448
NFKB_RELA+CEBPB+ETS1,6,interleaved,scrambled,3,50,3,0.74649215
NFKB_RELA+CEBPB+ETS1,6,clustered,real,3,50,3,0.97893065
NFKB_RELA+CEBPB+ETS1,6,clustered,scrambled,3,50,3,0.7895636
NFKB_RELA,12,single,real,3,120,1,1.4696511
NFKB_RELA,12,single,scrambled,3,120,1,0.8165454
CEBPB,12,single,real,3,96,1,1.3202002
CEBPB,12,single,scrambled,3,96,1,0.8709814
ETS1,12,single,real,3,84,1,0.7958841
ETS1,12,single,scrambled,3,84,1,0.6148122
NFKB_RELA+CEBPB,12,interleaved,real,3,108,2,0.9118187
NFKB_RELA+CEBPB,12,interleaved,scrambled,3,108,2,0.8399893
NFKB_RELA+CEBPB,12,clustered,real,3,108,2,1.0205537
NFKB_RELA+CEBPB,12,clustered,scrambled,3,108,2,0.79891616
NFKB_RELA+ETS1,12,interleaved,real,3,102,2,1.2786896
NFKB_RELA+ETS1,12,interleaved,scrambled,3,102,2,0.7862093
NFKB_RELA+ETS1,12,clustered,real,3,102,2,1.541407
NFKB_RELA+ETS1,12,clustered,scrambled,3,102,2,0.75836
CEBPB+ETS1,12,interleaved,real,3,90,2,0.8842333
CEBPB+ETS1,12,interleaved,scrambled,3,90,2,0.7768999
CEBPB+ETS1,12,clustered,real,3,90,2,0.94106406
CEBPB+ETS1,12,clustered,scrambled,3,90,2,0.8706668
NFKB_RELA+CEBPB+ETS1,12,interleaved,real,3,100,3,1.1009881
NFKB_RELA+CEBPB+ETS1,12,interleaved,scrambled,3,100,3,0.7591146
NFKB_RELA+CEBPB+ETS1,12,clustered,real,3,100,3,1.1333107
NFKB_RELA+CEBPB+ETS1,12,clustered,scrambled,3,100,3,0.73564345
empty,0,none,real,4,0,0,0.611097
NFKB_RELA,6,single,real,4,60,1,1.0628263
NFKB_RELA,6,single,scrambled,4,60,1,0.66444725
CEBPB,6,single,real,4,48,1,1.040621
CEBPB,6,single,scrambled,4,48,1,0.6490984
ETS1,6,single,real,4,42,1,0.81446797
ETS1,6,single,scrambled,4,42,1,0.5847691
NFKB_RELA+CEBPB,6,interleaved,real,4,54,2,1.0600455
NFKB_RELA+CEBPB,6,interleaved,scrambled,4,54,2,0.5989237
NFKB_RELA+CEBPB,6,clustered,real,4,54,2,0.9880534
NFKB_RELA+CEBPB,6,clustered,scrambled,4,54,2,0.581664
NFKB_RELA+ETS1,6,interleaved,real,4,51,2,1.1942292
NFKB_RELA+ETS1,6,interleaved,scrambled,4,51,2,0.6763342
NFKB_RELA+ETS1,6,clustered,real,4,51,2,1.1612711
NFKB_RELA+ETS1,6,clustered,scrambled,4,51,2,0.64986485
CEBPB+ETS1,6,interleaved,real,4,45,2,1.035745
CEBPB+ETS1,6,interleaved,scrambled,4,45,2,0.63692355
CEBPB+ETS1,6,clustered,real,4,45,2,0.88750136
CEBPB+ETS1,6,clustered,scrambled,4,45,2,0.62063354
NFKB_RELA+CEBPB+ETS1,6,interleaved,real,4,50,3,1.0749408
NFKB_RELA+CEBPB+ETS1,6,interleaved,scrambled,4,50,3,0.6028699
NFKB_RELA+CEBPB+ETS1,6,clustered,real,4,50,3,1.0204972
NFKB_RELA+CEBPB+ETS1,6,clustered,scrambled,4,50,3,0.73318714
NFKB_RELA,12,single,real,4,120,1,1.2682651
NFKB_RELA,12,single,scrambled,4,120,1,0.82348126
CEBPB,12,single,real,4,96,1,1.2868099
CEBPB,12,single,scrambled,4,96,1,0.7002267
ETS1,12,single,real,4,84,1,0.76241446
ETS1,12,single,scrambled,4,84,1,0.5308867
NFKB_RELA+CEBPB,12,interleaved,real,4,108,2,0.7599689
NFKB_RELA+CEBPB,12,interleaved,scrambled,4,108,2,0.76315504
NFKB_RELA+CEBPB,12,clustered,real,4,108,2,1.0216352
NFKB_RELA+CEBPB,12,clustered,scrambled,4,108,2,0.7550997
NFKB_RELA+ETS1,12,interleaved,real,4,102,2,1.2695737
NFKB_RELA+ETS1,12,interleaved,scrambled,4,102,2,0.7317248
NFKB_RELA+ETS1,12,clustered,real,4,102,2,1.2897303
NFKB_RELA+ETS1,12,clustered,scrambled,4,102,2,0.7279044
CEBPB+ETS1,12,interleaved,real,4,90,2,1.0159005
CEBPB+ETS1,12,interleaved,scrambled,4,90,2,0.57080656
CEBPB+ETS1,12,clustered,real,4,90,2,1.1424935
CEBPB+ETS1,12,clustered,scrambled,4,90,2,0.6110468
NFKB_RELA+CEBPB+ETS1,12,interleaved,real,4,100,3,1.0500298
NFKB_RELA+CEBPB+ETS1,12,interleaved,scrambled,4,100,3,0.6601684
NFKB_RELA+CEBPB+ETS1,12,clustered,real,4,100,3,0.8440414
NFKB_RELA+CEBPB+ETS1,12,clustered,scrambled,4,100,3,0.67235804
empty,0,none,real,5,0,0,0.5566109
NFKB_RELA,6,single,real,5,60,1,1.2697097
NFKB_RELA,6,single,scrambled,5,60,1,0.7665687
CEBPB,6,single,real,5,48,1,1.0446328
CEBPB,6,single,scrambled,5,48,1,0.5704784
ETS1,6,single,real,5,42,1,0.8115807
ETS1,6,single,scrambled,5,42,1,0.5617838
NFKB_RELA+CEBPB,6,interleaved,real,5,54,2,1.1557282
NFKB_RELA+CEBPB,6,interleaved,scrambled,5,54,2,0.69205
NFKB_RELA+CEBPB,6,clustered,real,5,54,2,1.2122064
NFKB_RELA+CEBPB,6,clustered,scrambled,5,54,2,0.6473488
NFKB_RELA+ETS1,6,interleaved,real,5,51,2,1.2520515
NFKB_RELA+ETS1,6,interleaved,scrambled,5,51,2,0.6821715
NFKB_RELA+ETS1,6,clustered,real,5,51,2,1.3146085
NFKB_RELA+ETS1,6,clustered,scrambled,5,51,2,0.68112236
CEBPB+ETS1,6,interleaved,real,5,45,2,0.95403695
CEBPB+ETS1,6,interleaved,scrambled,5,45,2,0.56522435
CEBPB+ETS1,6,clustered,real,5,45,2,0.8935922
CEBPB+ETS1,6,clustered,scrambled,5,45,2,0.59847194
NFKB_RELA+CEBPB+ETS1,6,interleaved,real,5,50,3,0.9216086
NFKB_RELA+CEBPB+ETS1,6,interleaved,scrambled,5,50,3,0.61650515
NFKB_RELA+CEBPB+ETS1,6,clustered,real,5,50,3,1.2825162
NFKB_RELA+CEBPB+ETS1,6,clustered,scrambled,5,50,3,0.6511296
NFKB_RELA,12,single,real,5,120,1,1.3347027
NFKB_RELA,12,single,scrambled,5,120,1,0.746206
CEBPB,12,single,real,5,96,1,1.3695518
CEBPB,12,single,scrambled,5,96,1,0.6478043
ETS1,12,single,real,5,84,1,0.76427704
ETS1,12,single,scrambled,5,84,1,0.5406542
NFKB_RELA+CEBPB,12,interleaved,real,5,108,2,0.91600126
NFKB_RELA+CEBPB,12,interleaved,scrambled,5,108,2,0.773218
NFKB_RELA+CEBPB,12,clustered,real,5,108,2,1.0941584
NFKB_RELA+CEBPB,12,clustered,scrambled,5,108,2,0.7829228
NFKB_RELA+ETS1,12,interleaved,real,5,102,2,1.1303444
NFKB_RELA+ETS1,12,interleaved,scrambled,5,102,2,0.7584077
NFKB_RELA+ETS1,12,clustered,real,5,102,2,1.2901139
NFKB_RELA+ETS1,12,clustered,scrambled,5,102,2,0.69835484
CEBPB+ETS1,12,interleaved,real,5,90,2,0.885108
CEBPB+ETS1,12,interleaved,scrambled,5,90,2,0.60275346
CEBPB+ETS1,12,clustered,real,5,90,2,1.1634947
CEBPB+ETS1,12,clustered,scrambled,5,90,2,0.44167894
NFKB_RELA+CEBPB+ETS1,12,interleaved,real,5,100,3,1.0343261
NFKB_RELA+CEBPB+ETS1,12,interleaved,scrambled,5,100,3,0.7040059
NFKB_RELA+CEBPB+ETS1,12,clustered,real,5,100,3,1.3806148
NFKB_RELA+CEBPB+ETS1,12,clustered,scrambled,5,100,3,0.5547166
empty,0,none,real,6,0,0,0.6659438
NFKB_RELA,6,single,real,6,60,1,1.1010168
NFKB_RELA,6,single,scrambled,6,60,1,0.6450184
CEBPB,6,single,real,6,48,1,0.9277882
CEBPB,6,single,scrambled,6,48,1,0.7481709
ETS1,6,single,real,6,42,1,0.95399916
ETS1,6,single,scrambled,6,42,1,0.71743286
NFKB_RELA+CEBPB,6,interleaved,real,6,54,2,0.85316527
NFKB_RELA+CEBPB,6,interleaved,scrambled,6,54,2,0.7427324
NFKB_RELA+CEBPB,6,clustered,real,6,54,2,0.8128919
NFKB_RELA+CEBPB,6,clustered,scrambled,6,54,2,0.73291343
NFKB_RELA+ETS1,6,interleaved,real,6,51,2,1.0354589
NFKB_RELA+ETS1,6,interleaved,scrambled,6,51,2,0.6984508
NFKB_RELA+ETS1,6,clustered,real,6,51,2,1.1112058
NFKB_RELA+ETS1,6,clustered,scrambled,6,51,2,0.6905964
CEBPB+ETS1,6,interleaved,real,6,45,2,0.8679704
CEBPB+ETS1,6,interleaved,scrambled,6,45,2,0.7448462
CEBPB+ETS1,6,clustered,real,6,45,2,0.8726181
CEBPB+ETS1,6,clustered,scrambled,6,45,2,0.69534117
NFKB_RELA+CEBPB+ETS1,6,interleaved,real,6,50,3,0.98814905
NFKB_RELA+CEBPB+ETS1,6,interleaved,scrambled,6,50,3,0.77763015
NFKB_RELA+CEBPB+ETS1,6,clustered,real,6,50,3,1.0082405
NFKB_RELA+CEBPB+ETS1,6,clustered,scrambled,6,50,3,0.6393466
NFKB_RELA,12,single,real,6,120,1,1.3425001
NFKB_RELA,12,single,scrambled,6,120,1,0.38400492
CEBPB,12,single,real,6,96,1,1.1737347
CEBPB,12,single,scrambled,6,96,1,0.8198764
ETS1,12,single,real,6,84,1,0.84786826
ETS1,12,single,scrambled,6,84,1,0.71659577
NFKB_RELA+CEBPB,12,interleaved,real,6,108,2,0.9045776
NFKB_RELA+CEBPB,12,interleaved,scrambled,6,108,2,0.72517127
NFKB_RELA+CEBPB,12,clustered,real,6,108,2,1.3661802
NFKB_RELA+CEBPB,12,clustered,scrambled,6,108,2,0.4876169
NFKB_RELA+ETS1,12,interleaved,real,6,102,2,1.1633976
NFKB_RELA+ETS1,12,interleaved,scrambled,6,102,2,0.7893572
NFKB_RELA+ETS1,12,clustered,real,6,102,2,1.3395033
NFKB_RELA+ETS1,12,clustered,scrambled,6,102,2,0.40579516
CEBPB+ETS1,12,interleaved,real,6,90,2,0.80075383
CEBPB+ETS1,12,interleaved,scrambled,6,90,2,0.8191636
CEBPB+ETS1,12,clustered,real,6,90,2,0.9899091
CEBPB+ETS1,12,clustered,scrambled,6,90,2,0.80235684
NFKB_RELA+CEBPB+ETS1,12,interleaved,real,6,100,3,1.1200445
NFKB_RELA+CEBPB+ETS1,12,interleaved,scrambled,6,100,3,0.83070153
NFKB_RELA+CEBPB+ETS1,12,clustered,real,6,100,3,1.3340915
NFKB_RELA+CEBPB+ETS1,12,clustered,scrambled,6,100,3,0.71165365
empty,0,none,real,7,0,0,0.661328
NFKB_RELA,6,single,real,7,60,1,1.1904097
NFKB_RELA,6,single,scrambled,7,60,1,0.81179136
CEBPB,6,single,real,7,48,1,0.8646421
CEBPB,6,single,scrambled,7,48,1,0.76460963
ETS1,6,single,real,7,42,1,0.6565232
ETS1,6,single,scrambled,7,42,1,0.718478
NFKB_RELA+CEBPB,6,interleaved,real,7,54,2,0.9817737
NFKB_RELA+CEBPB,6,interleaved,scrambled,7,54,2,0.8178843
NFKB_RELA+CEBPB,6,clustered,real,7,54,2,0.9692419
NFKB_RELA+CEBPB,6,clustered,scrambled,7,54,2,0.78437203
NFKB_RELA+ETS1,6,interleaved,real,7,51,2,1.0758464
NFKB_RELA+ETS1,6,interleaved,scrambled,7,51,2,0.837545
NFKB_RELA+ETS1,6,clustered,real,7,51,2,1.0535154
NFKB_RELA+ETS1,6,clustered,scrambled,7,51,2,0.7198111
CEBPB+ETS1,6,interleaved,real,7,45,2,0.80158705
CEBPB+ETS1,6,interleaved,scrambled,7,45,2,0.7856203
CEBPB+ETS1,6,clustered,real,7,45,2,0.71322715
CEBPB+ETS1,6,clustered,scrambled,7,45,2,0.6893318
NFKB_RELA+CEBPB+ETS1,6,interleaved,real,7,50,3,0.943909
NFKB_RELA+CEBPB+ETS1,6,interleaved,scrambled,7,50,3,0.76227814
NFKB_RELA+CEBPB+ETS1,6,clustered,real,7,50,3,1.0292976
NFKB_RELA+CEBPB+ETS1,6,clustered,scrambled,7,50,3,0.68815786
NFKB_RELA,12,single,real,7,120,1,1.32797
NFKB_RELA,12,single,scrambled,7,120,1,0.7702061
CEBPB,12,single,real,7,96,1,1.3636935
CEBPB,12,single,scrambled,7,96,1,0.6236198
ETS1,12,single,real,7,84,1,0.74773616
ETS1,12,single,scrambled,7,84,1,0.40491116
NFKB_RELA+CEBPB,12,interleaved,real,7,108,2,0.88332313
NFKB_RELA+CEBPB,12,interleaved,scrambled,7,108,2,0.70144737
NFKB_RELA+CEBPB,12,clustered,real,7,108,2,1.1964316
NFKB_RELA+CEBPB,12,clustered,scrambled,7,108,2,0.6832006
NFKB_RELA+ETS1,12,interleaved,real,7,102,2,1.0027134
NFKB_RELA+ETS1,12,interleaved,scrambled,7,102,2,0.53314435
NFKB_RELA+ETS1,12,clustered,real,7,102,2,1.439282
NFKB_RELA+ETS1,12,clustered,scrambled,7,102,2,0.63542026
CEBPB+ETS1,12,interleaved,real,7,90,2,0.9269069
CEBPB+ETS1,12,interleaved,scrambled,7,90,2,0.1518581
CEBPB+ETS1,12,clustered,real,7,90,2,1.0802616
CEBPB+ETS1,12,clustered,scrambled,7,90,2,0.4068899
NFKB_RELA+CEBPB+ETS1,12,interleaved,real,7,100,3,0.8603049
NFKB_RELA+CEBPB+ETS1,12,interleaved,scrambled,7,100,3,0.63415855
NFKB_RELA+CEBPB+ETS1,12,clustered,real,7,100,3,1.1210868
NFKB_RELA+CEBPB+ETS1,12,clustered,scrambled,7,100,3,0.6159237
empty,0,none,real,8,0,0,0.47119218
NFKB_RELA,6,single,real,8,60,1,1.0284393
NFKB_RELA,6,single,scrambled,8,60,1,0.63333434
CEBPB,6,single,real,8,48,1,0.7089354
CEBPB,6,single,scrambled,8,48,1,0.46438497
ETS1,6,single,real,8,42,1,0.59866685
ETS1,6,single,scrambled,8,42,1,0.43877244
NFKB_RELA+CEBPB,6,interleaved,real,8,54,2,0.8479767
NFKB_RELA+CEBPB,6,interleaved,scrambled,8,54,2,0.5395276
NFKB_RELA+CEBPB,6,clustered,real,8,54,2,0.92616874
NFKB_RELA+CEBPB,6,clustered,scrambled,8,54,2,0.5304501
NFKB_RELA+ETS1,6,interleaved,real,8,51,2,0.6426036
NFKB_RELA+ETS1,6,interleaved,scrambled,8,51,2,0.50301063
NFKB_RELA+ETS1,6,clustered,real,8,51,2,0.94927937
NFKB_RELA+ETS1,6,clustered,scrambled,8,51,2,0.5339537
CEBPB+ETS1,6,interleaved,real,8,45,2,0.5944476
CEBPB+ETS1,6,interleaved,scrambled,8,45,2,0.42874837
CEBPB+ETS1,6,clustered,real,8,45,2,0.7683491
CEBPB+ETS1,6,clustered,scrambled,8,45,2,0.47191036
NFKB_RELA+CEBPB+ETS1,6,interleaved,real,8,50,3,0.6637735
NFKB_RELA+CEBPB+ETS1,6,interleaved,scrambled,8,50,3,0.49879888
NFKB_RELA+CEBPB+ETS1,6,clustered,real,8,50,3,1.002632
NFKB_RELA+CEBPB+ETS1,6,clustered,scrambled,8,50,3,0.52560896
NFKB_RELA,12,single,real,8,120,1,1.275547
NFKB_RELA,12,single,scrambled,8,120,1,0.76137024
CEBPB,12,single,real,8,96,1,1.2335677
CEBPB,12,single,scrambled,8,96,1,0.63953763
ETS1,12,single,real,8,84,1,0.6789463
ETS1,12,single,scrambled,8,84,1,0.5488341
NFKB_RELA+CEBPB,12,interleaved,real,8,108,2,0.6012858
NFKB_RELA+CEBPB,12,interleaved,scrambled,8,108,2,0.79242784
NFKB_RELA+CEBPB,12,clustered,real,8,108,2,0.78017014
NFKB_RELA+CEBPB,12,clustered,scrambled,8,108,2,0.72828025
NFKB_RELA+ETS1,12,interleaved,real,8,102,2,1.0916834
NFKB_RELA+ETS1,12,interleaved,scrambled,8,102,2,0.58200765
NFKB_RELA+ETS1,12,clustered,real,8,102,2,1.2383449
NFKB_RELA+ETS1,12,clustered,scrambled,8,102,2,0.71920353
CEBPB+ETS1,12,interleaved,real,8,90,2,0.95386976
CEBPB+ETS1,12,interleaved,scrambled,8,90,2,0.48588264
CEBPB+ETS1,12,clustered,real,8,90,2,1.146783
CEBPB+ETS1,12,clustered,scrambled,8,90,2,0.64269793
NFKB_RELA+CEBPB+ETS1,12,interleaved,real,8,100,3,0.66907364
NFKB_RELA+CEBPB+ETS1,12,interleaved,scrambled,8,100,3,0.7138838
NFKB_RELA+CEBPB+ETS1,12,clustered,real,8,100,3,1.0010024
NFKB_RELA+CEBPB+ETS1,12,clustered,scrambled,8,100,3,0.6820662
empty,0,none,real,9,0,0,0.55931634
NFKB_RELA,6,single,real,9,60,1,1.1021563
NFKB_RELA,6,single,scrambled,9,60,1,0.7571883
CEBPB,6,single,real,9,48,1,0.8421554
CEBPB,6,single,scrambled,9,48,1,0.710887
ETS1,6,single,real,9,42,1,0.55696493
ETS1,6,single,scrambled,9,42,1,0.54376364
NFKB_RELA+CEBPB,6,interleaved,real,9,54,2,0.7737847
NFKB_RELA+CEBPB,6,interleaved,scrambled,9,54,2,0.7204342
NFKB_RELA+CEBPB,6,clustered,real,9,54,2,1.1517208
NFKB_RELA+CEBPB,6,clustered,scrambled,9,54,2,0.69344723
NFKB_RELA+ETS1,6,interleaved,real,9,51,2,1.0073822
NFKB_RELA+ETS1,6,interleaved,scrambled,9,51,2,0.67542523
NFKB_RELA+ETS1,6,clustered,real,9,51,2,0.9340174
NFKB_RELA+ETS1,6,clustered,scrambled,9,51,2,0.6165819
CEBPB+ETS1,6,interleaved,real,9,45,2,0.5022251
CEBPB+ETS1,6,interleaved,scrambled,9,45,2,0.6703939
CEBPB+ETS1,6,clustered,real,9,45,2,0.39920384
CEBPB+ETS1,6,clustered,scrambled,9,45,2,0.6223291
NFKB_RELA+CEBPB+ETS1,6,interleaved,real,9,50,3,0.70907646
NFKB_RELA+CEBPB+ETS1,6,interleaved,scrambled,9,50,3,0.7190611
NFKB_RELA+CEBPB+ETS1,6,clustered,real,9,50,3,0.6983086
NFKB_RELA+CEBPB+ETS1,6,clustered,scrambled,9,50,3,0.6429381
NFKB_RELA,12,single,real,9,120,1,1.4537708
NFKB_RELA,12,single,scrambled,9,120,1,0.7111468
CEBPB,12,single,real,9,96,1,1.3126624
CEBPB,12,single,scrambled,9,96,1,0.7105194
ETS1,12,single,real,9,84,1,0.77502006
ETS1,12,single,scrambled,9,84,1,0.533176
NFKB_RELA+CEBPB,12,interleaved,real,9,108,2,0.63653773
NFKB_RELA+CEBPB,12,interleaved,scrambled,9,108,2,0.72054535
NFKB_RELA+CEBPB,12,clustered,real,9,108,2,0.96400946
NFKB_RELA+CEBPB,12,clustered,scrambled,9,108,2,0.5736441
NFKB_RELA+ETS1,12,interleaved,real,9,102,2,1.172409
NFKB_RELA+ETS1,12,interleaved,scrambled,9,102,2,0.5984886
NFKB_RELA+ETS1,12,clustered,real,9,102,2,1.3574864
NFKB_RELA+ETS1,12,clustered,scrambled,9,102,2,0.70601434
CEBPB+ETS1,12,interleaved,real,9,90,2,0.8371782
CEBPB+ETS1,12,interleaved,scrambled,9,90,2,0.8023382
CEBPB+ETS1,12,clustered,real,9,90,2,1.081869
CEBPB+ETS1,12,clustered,scrambled,9,90,2,0.79818547
NFKB_RELA+CEBPB+ETS1,12,interleaved,real,9,100,3,0.8090609
NFKB_RELA+CEBPB+ETS1,12,interleaved,scrambled,9,100,3,0.6879298
NFKB_RELA+CEBPB+ETS1,12,clustered,real,9,100,3,1.045257
NFKB_RELA+CEBPB+ETS1,12,clustered,scrambled,9,100,3,0.6626763
