part,ctx,ctx_i,seed,variant,k,name,pred,delta
H1c,chr1:265888,0,0,real,0,empty,0.5823108,0.0
H1c,chr1:265888,0,0,real,4,TRE7,0.46505582,-0.11725497245788574
H1c,chr1:265888,0,0,scrambled,4,TRE7,0.59274447,0.010433673858642578
H1c,chr1:265888,0,0,real,8,TRE7,0.052111868,-0.5301989279687405
H1c,chr1:265888,0,0,scrambled,8,TRE7,0.62422425,0.04191344976425171
H1c,chr1:265888,0,1,real,0,empty,0.92688054,0.0
H1c,chr1:265888,0,1,real,4,TRE7,0.3641738,-0.5627067387104034
H1c,chr1:265888,0,1,scrambled,4,TRE7,0.91572213,-0.011158406734466553
H1c,chr1:265888,0,1,real,8,TRE7,0.09495405,-0.8319264873862267
H1c,chr1:265888,0,1,scrambled,8,TRE7,0.7834747,-0.14340585470199585
H1c,chr1:265888,0,2,real,0,empty,0.4911169,0.0
H1c,chr1:265888,0,2,real,4,TRE7,-0.056860965,-0.54797787591815
H1c,chr1:265888,0,2,scrambled,4,TRE7,0.511234,0.020117074251174927
H1c,chr1:265888,0,2,real,8,TRE7,0.41506693,-0.07604998350143433
H1c,chr1:265888,0,2,scrambled,8,TRE7,0.51524717,0.024130254983901978
H1c,chr1:265888,0,3,real,0,empty,0.6042709,0.0
H1c,chr1:265888,0,3,real,4,TRE7,-0.059042286,-0.6633131615817547
H1c,chr1:265888,0,3,scrambled,4,TRE7,0.6730601,0.06878924369812012
H1c,chr1:265888,0,3,real,8,TRE7,-0.24775836,-0.8520292341709137
H1c,chr1:265888,0,3,scrambled,8,TRE7,0.5495786,-0.05469226837158203
H1c,chr1:265888,0,4,real,0,empty,0.611097,0.0
H1c,chr1:265888,0,4,real,4,TRE7,0.14204893,-0.46904805302619934
H1c,chr1:265888,0,4,scrambled,4,TRE7,-0.011104974,-0.6222019521519542
H1c,chr1:265888,0,4,real,8,TRE7,0.01871646,-0.5923805180937052
H1c,chr1:265888,0,4,scrambled,8,TRE7,0.617961,0.006864011287689209
H1c,chr1:265888,0,5,real,0,empty,0.5566109,0.0
H1c,chr1:265888,0,5,real,4,TRE7,0.8756129,0.31900203227996826
H1c,chr1:265888,0,5,scrambled,4,TRE7,0.56071496,0.0041040778160095215
H1c,chr1:265888,0,5,real,8,TRE7,1.019422,0.4628111720085144
H1c,chr1:265888,0,5,scrambled,8,TRE7,0.61632127,0.05971038341522217
H1c,chr1:265888,0,6,real,0,empty,0.6659438,0.0
H1c,chr1:265888,0,6,real,4,TRE7,0.25024113,-0.4157026708126068
H1c,chr1:265888,0,6,scrambled,4,TRE7,0.6255616,-0.040382206439971924
H1c,chr1:265888,0,6,real,8,TRE7,0.0735176,-0.5924262031912804
H1c,chr1:265888,0,6,scrambled,8,TRE7,0.69970965,0.03376585245132446
H1c,chr1:265888,0,7,real,0,empty,0.661328,0.0
H1c,chr1:265888,0,7,real,4,TRE7,0.7502489,0.08892089128494263
H1c,chr1:265888,0,7,scrambled,4,TRE7,0.5833751,-0.07795292139053345
H1c,chr1:265888,0,7,real,8,TRE7,-0.3796348,-1.040962815284729
H1c,chr1:265888,0,7,scrambled,8,TRE7,0.6397072,-0.02162081003189087
H1c,chr1:265888,0,8,real,0,empty,0.47119218,0.0
H1c,chr1:265888,0,8,real,4,TRE7,0.8329298,0.36173760890960693
H1c,chr1:265888,0,8,scrambled,4,TRE7,0.5673828,0.09619063138961792
H1c,chr1:265888,0,8,real,8,TRE7,0.12800542,-0.34318676590919495
H1c,chr1:265888,0,8,scrambled,8,TRE7,0.47748858,0.006296396255493164
H1c,chr1:265888,0,9,real,0,empty,0.55931634,0.0
H1c,chr1:265888,0,9,real,4,TRE7,1.0188278,0.4595114588737488
H1c,chr1:265888,0,9,scrambled,4,TRE7,0.5672047,0.007888376712799072
H1c,chr1:265888,0,9,real,8,TRE7,-0.6431568,-1.2024731636047363
H1c,chr1:265888,0,9,scrambled,8,TRE7,0.5630453,0.0037289857864379883
H1c,chr10:860711,1,0,real,0,empty,0.2380575,0.0
H1c,chr10:860711,1,0,real,4,TRE7,0.18912145,-0.048936039209365845
H1c,chr10:860711,1,0,scrambled,4,TRE7,0.26380664,0.025749146938323975
H1c,chr10:860711,1,0,real,8,TRE7,-0.33661762,-0.5746751129627228
H1c,chr10:860711,1,0,scrambled,8,TRE7,0.23688328,-0.0011742115020751953
H1c,chr10:860711,1,1,real,0,empty,0.4433076,0.0
H1c,chr10:860711,1,1,real,4,TRE7,0.031848107,-0.4114595018327236
H1c,chr10:860711,1,1,scrambled,4,TRE7,0.4356618,-0.00764581561088562
H1c,chr10:860711,1,1,real,8,TRE7,-0.21316615,-0.6564737558364868
H1c,chr10:860711,1,1,scrambled,8,TRE7,0.29012322,-0.15318438410758972
H1c,chr10:860711,1,2,real,0,empty,0.22409412,0.0
H1c,chr10:860711,1,2,real,4,TRE7,-0.5004984,-0.724592536687851
H1c,chr10:860711,1,2,scrambled,4,TRE7,0.20477282,-0.01932130753993988
H1c,chr10:860711,1,2,real,8,TRE7,-0.14097753,-0.3650716543197632
H1c,chr10:860711,1,2,scrambled,8,TRE7,0.2260404,0.00194627046585083
H1c,chr10:860711,1,3,real,0,empty,0.2275983,0.0
H1c,chr10:860711,1,3,real,4,TRE7,-0.45366073,-0.6812590211629868
H1c,chr10:860711,1,3,scrambled,4,TRE7,0.27443123,0.04683293402194977
H1c,chr10:860711,1,3,real,8,TRE7,-0.58882964,-0.816427931189537
H1c,chr10:860711,1,3,scrambled,8,TRE7,0.21780014,-0.00979815423488617
H1c,chr10:860711,1,4,real,0,empty,0.24228507,0.0
H1c,chr10:860711,1,4,real,4,TRE7,-0.50835186,-0.7506369352340698
H1c,chr10:860711,1,4,scrambled,4,TRE7,-0.54364353,-0.7859286069869995
H1c,chr10:860711,1,4,real,8,TRE7,-0.53834516,-0.7806302309036255
H1c,chr10:860711,1,4,scrambled,8,TRE7,0.24107918,-0.0012058913707733154
H1c,chr10:860711,1,5,real,0,empty,0.25366932,0.0
H1c,chr10:860711,1,5,real,4,TRE7,0.18005931,-0.07361000776290894
H1c,chr10:860711,1,5,scrambled,4,TRE7,0.25849813,0.004828810691833496
H1c,chr10:860711,1,5,real,8,TRE7,0.3509263,0.09725698828697205
H1c,chr10:860711,1,5,scrambled,8,TRE7,0.31308746,0.05941814184188843
H1c,chr10:860711,1,6,real,0,empty,0.25622442,0.0
H1c,chr10:860711,1,6,real,4,TRE7,0.012655859,-0.24356856476515532
H1c,chr10:860711,1,6,scrambled,4,TRE7,0.23446406,-0.021760359406471252
H1c,chr10:860711,1,6,real,8,TRE7,-0.26522246,-0.5214468836784363
H1c,chr10:860711,1,6,scrambled,8,TRE7,0.28247085,0.02624642848968506
H1c,chr10:860711,1,7,real,0,empty,0.2503381,0.0
H1c,chr10:860711,1,7,real,4,TRE7,-0.038114022,-0.2884521298110485
H1c,chr10:860711,1,7,scrambled,4,TRE7,0.23798454,-0.012353569269180298
H1c,chr10:860711,1,7,real,8,TRE7,-0.7295853,-0.9799233973026276
H1c,chr10:860711,1,7,scrambled,8,TRE7,0.27449766,0.024159550666809082
H1c,chr10:860711,1,8,real,0,empty,0.21102272,0.0
H1c,chr10:860711,1,8,real,4,TRE7,0.2699691,0.058946385979652405
H1c,chr10:860711,1,8,scrambled,4,TRE7,0.16803016,-0.04299256205558777
H1c,chr10:860711,1,8,real,8,TRE7,-0.48628122,-0.6973039358854294
H1c,chr10:860711,1,8,scrambled,8,TRE7,0.18919648,-0.021826237440109253
H1c,chr10:860711,1,9,real,0,empty,0.23527728,0.0
H1c,chr10:860711,1,9,real,4,TRE7,0.42664108,0.19136379659175873
H1c,chr10:860711,1,9,scrambled,4,TRE7,0.24917077,0.013893485069274902
H1c,chr10:860711,1,9,real,8,TRE7,-0.70957136,-0.9448486417531967
H1c,chr10:860711,1,9,scrambled,8,TRE7,0.22872779,-0.0065494924783706665
H1c,chr11:7513386,2,0,real,0,empty,0.16298518,0.0
H1c,chr11:7513386,2,0,real,4,TRE7,-0.08301883,-0.24600400775671005
H1c,chr11:7513386,2,0,scrambled,4,TRE7,0.17275509,0.009769916534423828
H1c,chr11:7513386,2,0,real,8,TRE7,-0.293072,-0.4560571610927582
H1c,chr11:7513386,2,0,scrambled,8,TRE7,0.15041947,-0.012565702199935913
H1c,chr11:7513386,2,1,real,0,empty,0.22550341,0.0
H1c,chr11:7513386,2,1,real,4,TRE7,0.008652155,-0.21685125958174467
H1c,chr11:7513386,2,1,scrambled,4,TRE7,0.26010585,0.03460243344306946
H1c,chr11:7513386,2,1,real,8,TRE7,-0.26992792,-0.4954313337802887
H1c,chr11:7513386,2,1,scrambled,8,TRE7,-0.05593067,-0.2814340852200985
H1c,chr11:7513386,2,2,real,0,empty,0.10601065,0.0
H1c,chr11:7513386,2,2,real,4,TRE7,-0.43250364,-0.5385142937302589
H1c,chr11:7513386,2,2,scrambled,4,TRE7,0.04126561,-0.06474504247307777
H1c,chr11:7513386,2,2,real,8,TRE7,-0.063466065,-0.169476717710495
H1c,chr11:7513386,2,2,scrambled,8,TRE7,0.10972572,0.0037150681018829346
H1c,chr11:7513386,2,3,real,0,empty,0.1959692,0.0
H1c,chr11:7513386,2,3,real,4,TRE7,-0.05108201,-0.2470512054860592
H1c,chr11:7513386,2,3,scrambled,4,TRE7,0.16704893,-0.028920263051986694
H1c,chr11:7513386,2,3,real,8,TRE7,-0.5170511,-0.7130202949047089
H1c,chr11:7513386,2,3,scrambled,8,TRE7,0.18224332,-0.013725876808166504
H1c,chr11:7513386,2,4,real,0,empty,0.19229248,0.0
H1c,chr11:7513386,2,4,real,4,TRE7,-0.01302516,-0.20531764160841703
H1c,chr11:7513386,2,4,scrambled,4,TRE7,-0.20484653,-0.3971390128135681
H1c,chr11:7513386,2,4,real,8,TRE7,-0.30296916,-0.49526163935661316
H1c,chr11:7513386,2,4,scrambled,8,TRE7,0.24920836,0.056915879249572754
H1c,chr11:7513386,2,5,real,0,empty,0.15425494,0.0
H1c,chr11:7513386,2,5,real,4,TRE7,0.2482484,0.09399345517158508
H1c,chr11:7513386,2,5,scrambled,4,TRE7,0.13158795,-0.022666990756988525
H1c,chr11:7513386,2,5,real,8,TRE7,0.3331465,0.17889156937599182
H1c,chr11:7513386,2,5,scrambled,8,TRE7,0.28715563,0.1329006850719452
H1c,chr11:7513386,2,6,real,0,empty,0.1108535,0.0
H1c,chr11:7513386,2,6,real,4,TRE7,-0.11713224,-0.22798573970794678
H1c,chr11:7513386,2,6,scrambled,4,TRE7,0.07287229,-0.03798121213912964
H1c,chr11:7513386,2,6,real,8,TRE7,-0.3127858,-0.42363930493593216
H1c,chr11:7513386,2,6,scrambled,8,TRE7,0.1703397,0.05948620289564133
H1c,chr11:7513386,2,7,real,0,empty,0.13226289,0.0
H1c,chr11:7513386,2,7,real,4,TRE7,0.13256228,0.0002993941307067871
H1c,chr11:7513386,2,7,scrambled,4,TRE7,0.15408048,0.02181759476661682
H1c,chr11:7513386,2,7,real,8,TRE7,-0.5505324,-0.6827952861785889
H1c,chr11:7513386,2,7,scrambled,8,TRE7,0.14980412,0.017541229724884033
H1c,chr11:7513386,2,8,real,0,empty,0.2800911,0.0
H1c,chr11:7513386,2,8,real,4,TRE7,0.4780623,0.1979711949825287
H1c,chr11:7513386,2,8,scrambled,4,TRE7,0.22966245,-0.05042865872383118
H1c,chr11:7513386,2,8,real,8,TRE7,-0.054770883,-0.33486199006438255
H1c,chr11:7513386,2,8,scrambled,8,TRE7,0.21114697,-0.06894414126873016
H1c,chr11:7513386,2,9,real,0,empty,0.12907133,0.0
H1c,chr11:7513386,2,9,real,4,TRE7,0.20091215,0.07184082269668579
H1c,chr11:7513386,2,9,scrambled,4,TRE7,0.11380059,-0.015270732343196869
H1c,chr11:7513386,2,9,real,8,TRE7,-0.69118434,-0.8202556669712067
H1c,chr11:7513386,2,9,scrambled,8,TRE7,0.015075688,-0.11399563681334257
H1c,chr12:5468210,3,0,real,0,empty,0.030511176,0.0
H1c,chr12:5468210,3,0,real,4,TRE7,0.14853647,0.11802529729902744
H1c,chr12:5468210,3,0,scrambled,4,TRE7,0.0365312,0.006020022556185722
H1c,chr12:5468210,3,0,real,8,TRE7,-0.21955213,-0.2500633057206869
H1c,chr12:5468210,3,0,scrambled,8,TRE7,-0.0097447885,-0.04025596473366022
H1c,chr12:5468210,3,1,real,0,empty,0.13885224,0.0
H1c,chr12:5468210,3,1,real,4,TRE7,0.23136039,0.09250815212726593
H1c,chr12:5468210,3,1,scrambled,4,TRE7,0.18866275,0.049810513854026794
H1c,chr12:5468210,3,1,real,8,TRE7,0.25500527,0.11615303158760071
H1c,chr12:5468210,3,1,scrambled,8,TRE7,-0.07477292,-0.21362515538930893
H1c,chr12:5468210,3,2,real,0,empty,-0.058030408,0.0
H1c,chr12:5468210,3,2,real,4,TRE7,-0.5706253,-0.512594897300005
H1c,chr12:5468210,3,2,scrambled,4,TRE7,-0.07950353,-0.021473120898008347
H1c,chr12:5468210,3,2,real,8,TRE7,0.20889759,0.2669279985129833
H1c,chr12:5468210,3,2,scrambled,8,TRE7,-0.010689686,0.04734072182327509
H1c,chr12:5468210,3,3,real,0,empty,-0.3197868,0.0
H1c,chr12:5468210,3,3,real,4,TRE7,-0.17091767,0.1488691121339798
H1c,chr12:5468210,3,3,scrambled,4,TRE7,-0.22173718,0.09804961085319519
H1c,chr12:5468210,3,3,real,8,TRE7,-0.19613805,0.1236487329006195
H1c,chr12:5468210,3,3,scrambled,8,TRE7,-0.17528433,0.1445024609565735
H1c,chr12:5468210,3,4,real,0,empty,-0.0327353,0.0
H1c,chr12:5468210,3,4,real,4,TRE7,-0.18052065,-0.14778535440564156
H1c,chr12:5468210,3,4,scrambled,4,TRE7,-0.3533544,-0.3206190951168537
H1c,chr12:5468210,3,4,real,8,TRE7,0.1474728,0.18020809814333916
H1c,chr12:5468210,3,4,scrambled,8,TRE7,0.012939964,0.04567526374012232
H1c,chr12:5468210,3,5,real,0,empty,-0.08212035,0.0
H1c,chr12:5468210,3,5,real,4,TRE7,0.35315475,0.435275100171566
H1c,chr12:5468210,3,5,scrambled,4,TRE7,-0.014431979,0.06768837291747332
H1c,chr12:5468210,3,5,real,8,TRE7,0.76136416,0.8434845134615898
H1c,chr12:5468210,3,5,scrambled,8,TRE7,0.040740672,0.12286102399230003
H1c,chr12:5468210,3,6,real,0,empty,-0.1484294,0.0
H1c,chr12:5468210,3,6,real,4,TRE7,-0.14636444,0.0020649582147598267
H1c,chr12:5468210,3,6,scrambled,4,TRE7,-0.23101883,-0.08258943259716034
H1c,chr12:5468210,3,6,real,8,TRE7,0.066684134,0.21511352807283401
H1c,chr12:5468210,3,6,scrambled,8,TRE7,-0.10173362,0.046695776283741
H1c,chr12:5468210,3,7,real,0,empty,-0.08320854,0.0
H1c,chr12:5468210,3,7,real,4,TRE7,0.12092542,0.20413395762443542
H1c,chr12:5468210,3,7,scrambled,4,TRE7,-0.06693282,0.016275718808174133
H1c,chr12:5468210,3,7,real,8,TRE7,-0.2889815,-0.20577295869588852
H1c,chr12:5468210,3,7,scrambled,8,TRE7,0.004406487,0.08761502569541335
H1c,chr12:5468210,3,8,real,0,empty,-0.07629555,0.0
H1c,chr12:5468210,3,8,real,4,TRE7,-0.0725623,0.0037332475185394287
H1c,chr12:5468210,3,8,scrambled,4,TRE7,-0.20376529,-0.1274697408080101
H1c,chr12:5468210,3,8,real,8,TRE7,-0.2117056,-0.13541004806756973
H1c,chr12:5468210,3,8,scrambled,8,TRE7,-0.093108796,-0.0168132483959198
H1c,chr12:5468210,3,9,real,0,empty,-0.15576838,0.0
H1c,chr12:5468210,3,9,real,4,TRE7,0.332972,0.48874036967754364
H1c,chr12:5468210,3,9,scrambled,4,TRE7,-0.08593666,0.0698317214846611
H1c,chr12:5468210,3,9,real,8,TRE7,-0.32245517,-0.1666867882013321
H1c,chr12:5468210,3,9,scrambled,8,TRE7,-0.050432708,0.10533567145466805
H2,chr1:265888,0,0,real,0,empty,0.5823108,0.0
H2,chr1:265888,0,0,real,8,TRE7,0.052111868,-0.5301989279687405
H2,chr1:265888,0,0,real,8,CRE8,0.6799752,0.09766441583633423
H2,chr1:265888,0,0,real,8,m1TA,0.60516673,0.022855937480926514
H2,chr1:265888,0,0,real,8,m1TC,0.83730996,0.25499916076660156
H2,chr1:265888,0,0,real,8,m1TG,0.69305027,0.11073946952819824
H2,chr1:265888,0,0,real,8,m2GA,0.51238525,-0.06992554664611816
H2,chr1:265888,0,0,real,8,m2GC,0.6896025,0.10729169845581055
H2,chr1:265888,0,0,real,8,m2GT,0.8947702,0.31245940923690796
H2,chr1:265888,0,0,real,8,m3AC,0.7520387,0.16972792148590088
H2,chr1:265888,0,0,real,8,m3AG,0.7803965,0.1980857253074646
H2,chr1:265888,0,0,real,8,m3AT,0.69008446,0.10777366161346436
H2,chr1:265888,0,0,real,8,m4CA,0.97796303,0.39565223455429077
H2,chr1:265888,0,0,real,8,m4CG,0.33325538,-0.249055415391922
H2,chr1:265888,0,0,real,8,m4CT,1.0108075,0.42849671840667725
H2,chr1:265888,0,0,real,8,m5TA,0.767144,0.18483322858810425
H2,chr1:265888,0,0,real,8,m5TC,0.7662176,0.18390679359436035
H2,chr1:265888,0,0,real,8,m5TG,0.9532961,0.37098532915115356
H2,chr1:265888,0,0,real,8,m6CA,0.8408769,0.25856608152389526
H2,chr1:265888,0,0,real,8,m6CG,0.6588833,0.0765724778175354
H2,chr1:265888,0,0,real,8,m6CT,0.52990127,-0.05240952968597412
H2,chr1:265888,0,0,real,8,m7AC,0.72621137,0.1439005732536316
H2,chr1:265888,0,0,real,8,m7AG,1.0617481,0.47943735122680664
H2,chr1:265888,0,0,real,8,m7AT,0.6505776,0.06826680898666382
H2,chr1:265888,0,0,scrambled,8,TRE7,0.62422425,0.04191344976425171
H2,chr1:265888,0,0,real,2,TRE7,0.5793537,-0.0029571056365966797
H2,chr1:265888,0,0,real,2,CRE8,0.6264266,0.04411578178405762
H2,chr1:265888,0,0,real,6,TRE7,0.31925595,-0.26305484771728516
H2,chr1:265888,0,0,real,6,CRE8,0.7749546,0.19264382123947144
H2,chr1:265888,0,1,real,0,empty,0.92688054,0.0
H2,chr1:265888,0,1,real,8,TRE7,0.09495405,-0.8319264873862267
H2,chr1:265888,0,1,real,8,CRE8,0.775848,-0.15103256702423096
H2,chr1:265888,0,1,real,8,m1TA,0.7186044,-0.2082761526107788
H2,chr1:265888,0,1,real,8,m1TC,1.0587518,0.1318712830543518
H2,chr1:265888,0,1,real,8,m1TG,0.7990271,-0.12785345315933228
H2,chr1:265888,0,1,real,8,m2GA,0.5745037,-0.3523768186569214
H2,chr1:265888,0,1,real,8,m2GC,0.7834695,-0.1434110403060913
H2,chr1:265888,0,1,real,8,m2GT,0.5481939,-0.37868666648864746
H2,chr1:265888,0,1,real,8,m3AC,0.85058874,-0.07629179954528809
H2,chr1:265888,0,1,real,8,m3AG,0.91292274,-0.013957798480987549
H2,chr1:265888,0,1,real,8,m3AT,0.7868183,-0.14006221294403076
H2,chr1:265888,0,1,real,8,m4CA,1.023179,0.09629851579666138
H2,chr1:265888,0,1,real,8,m4CG,0.05011553,-0.8767650090157986
H2,chr1:265888,0,1,real,8,m4CT,1.0755006,0.14862006902694702
H2,chr1:265888,0,1,real,8,m5TA,0.8840186,-0.0428619384765625
H2,chr1:265888,0,1,real,8,m5TC,0.854009,-0.07287156581878662
H2,chr1:265888,0,1,real,8,m5TG,0.9475623,0.02068173885345459
H2,chr1:265888,0,1,real,8,m6CA,0.71971714,-0.20716339349746704
H2,chr1:265888,0,1,real,8,m6CG,0.9673487,0.04046815633773804
H2,chr1:265888,0,1,real,8,m6CT,0.74562585,-0.18125468492507935
H2,chr1:265888,0,1,real,8,m7AC,0.8822965,-0.044584035873413086
H2,chr1:265888,0,1,real,8,m7AG,1.0781993,0.1513187289237976
H2,chr1:265888,0,1,real,8,m7AT,0.7831977,-0.1436828374862671
H2,chr1:265888,0,1,scrambled,8,TRE7,0.7834747,-0.14340585470199585
H2,chr1:265888,0,1,real,2,TRE7,1.0218369,0.09495633840560913
H2,chr1:265888,0,1,real,2,CRE8,1.0192611,0.0923805832862854
H2,chr1:265888,0,1,real,6,TRE7,0.15394875,-0.7729317843914032
H2,chr1:265888,0,1,real,6,CRE8,0.8172957,-0.10958486795425415
H2,chr1:265888,0,2,real,0,empty,0.4911169,0.0
H2,chr1:265888,0,2,real,8,TRE7,0.41506693,-0.07604998350143433
H2,chr1:265888,0,2,real,8,CRE8,0.7609232,0.26980629563331604
H2,chr1:265888,0,2,real,8,m1TA,0.50893664,0.017819732427597046
H2,chr1:265888,0,2,real,8,m1TC,0.74656045,0.2554435431957245
H2,chr1:265888,0,2,real,8,m1TG,0.65239036,0.16127344965934753
H2,chr1:265888,0,2,real,8,m2GA,0.42469162,-0.06642529368400574
H2,chr1:265888,0,2,real,8,m2GC,0.59007007,0.09895315766334534
H2,chr1:265888,0,2,real,8,m2GT,0.6842417,0.19312480092048645
H2,chr1:265888,0,2,real,8,m3AC,0.6809529,0.18983599543571472
H2,chr1:265888,0,2,real,8,m3AG,0.6436706,0.1525537073612213
H2,chr1:265888,0,2,real,8,m3AT,0.5741025,0.08298560976982117
H2,chr1:265888,0,2,real,8,m4CA,0.76642483,0.27530792355537415
H2,chr1:265888,0,2,real,8,m4CG,0.2835846,-0.20753231644630432
H2,chr1:265888,0,2,real,8,m4CT,0.82967526,0.3385583460330963
H2,chr1:265888,0,2,real,8,m5TA,0.7062739,0.21515700221061707
H2,chr1:265888,0,2,real,8,m5TC,0.7149133,0.22379639744758606
H2,chr1:265888,0,2,real,8,m5TG,1.0014095,0.5102926194667816
H2,chr1:265888,0,2,real,8,m6CA,0.87661046,0.38549354672431946
H2,chr1:265888,0,2,real,8,m6CG,0.62469727,0.13358035683631897
H2,chr1:265888,0,2,real,8,m6CT,0.48308823,-0.008028686046600342
H2,chr1:265888,0,2,real,8,m7AC,0.69452095,0.203404039144516
H2,chr1:265888,0,2,real,8,m7AG,0.8804493,0.3893323838710785
H2,chr1:265888,0,2,real,8,m7AT,0.59969103,0.10857412219047546
H2,chr1:265888,0,2,scrambled,8,TRE7,0.51524717,0.024130254983901978
H2,chr1:265888,0,2,real,2,TRE7,0.61026305,0.11914613842964172
H2,chr1:265888,0,2,real,2,CRE8,0.7188365,0.22771957516670227
H2,chr1:265888,0,2,real,6,TRE7,0.13337463,-0.3577422797679901
H2,chr1:265888,0,2,real,6,CRE8,0.78980863,0.2986917197704315
H2,chr1:265888,0,3,real,0,empty,0.6042709,0.0
H2,chr1:265888,0,3,real,8,TRE7,-0.24775836,-0.8520292341709137
H2,chr1:265888,0,3,real,8,CRE8,0.6702722,0.066001296043396
H2,chr1:265888,0,3,real,8,m1TA,0.7590035,0.15473264455795288
H2,chr1:265888,0,3,real,8,m1TC,0.8810934,0.2768225073814392
H2,chr1:265888,0,3,real,8,m1TG,0.79456544,0.1902945637702942
H2,chr1:265888,0,3,real,8,m2GA,0.5375715,-0.06669938564300537
H2,chr1:265888,0,3,real,8,m2GC,0.7227536,0.11848270893096924
H2,chr1:265888,0,3,real,8,m2GT,0.5454493,-0.05882155895233154
H2,chr1:265888,0,3,real,8,m3AC,0.91022736,0.30595648288726807
H2,chr1:265888,0,3,real,8,m3AG,0.7332794,0.12900853157043457
H2,chr1:265888,0,3,real,8,m3AT,0.7646437,0.16037285327911377
H2,chr1:265888,0,3,real,8,m4CA,0.59235436,-0.011916518211364746
H2,chr1:265888,0,3,real,8,m4CG,-0.43315932,-1.0374301970005035
H2,chr1:265888,0,3,real,8,m4CT,0.8837661,0.2794952392578125
H2,chr1:265888,0,3,real,8,m5TA,0.9326662,0.3283953070640564
H2,chr1:265888,0,3,real,8,m5TC,0.7832964,0.1790255308151245
H2,chr1:265888,0,3,real,8,m5TG,1.1203483,0.51607745885849
H2,chr1:265888,0,3,real,8,m6CA,0.66527385,0.06100296974182129
H2,chr1:265888,0,3,real,8,m6CG,0.6376129,0.03334200382232666
H2,chr1:265888,0,3,real,8,m6CT,0.53868747,-0.06558340787887573
H2,chr1:265888,0,3,real,8,m7AC,0.7255123,0.12124145030975342
H2,chr1:265888,0,3,real,8,m7AG,1.1269536,0.5226827263832092
H2,chr1:265888,0,3,real,8,m7AT,0.6424885,0.03821760416030884
H2,chr1:265888,0,3,scrambled,8,TRE7,0.5495786,-0.05469226837158203
H2,chr1:265888,0,3,real,2,TRE7,0.8737346,0.2694637179374695
H2,chr1:265888,0,3,real,2,CRE8,0.75555784,0.15128695964813232
H2,chr1:265888,0,3,real,6,TRE7,0.24703401,-0.3572368621826172
H2,chr1:265888,0,3,real,6,CRE8,0.84522766,0.24095678329467773
H2,chr1:265888,0,4,real,0,empty,0.611097,0.0
H2,chr1:265888,0,4,real,8,TRE7,0.01871646,-0.5923805180937052
H2,chr1:265888,0,4,real,8,CRE8,0.7590251,0.1479281187057495
H2,chr1:265888,0,4,real,8,m1TA,0.79767203,0.1865750551223755
H2,chr1:265888,0,4,real,8,m1TC,1.0612358,0.45013880729675293
H2,chr1:265888,0,4,real,8,m1TG,0.81130195,0.2002049684524536
H2,chr1:265888,0,4,real,8,m2GA,0.55689186,-0.054205119609832764
H2,chr1:265888,0,4,real,8,m2GC,0.76635104,0.155254065990448
H2,chr1:265888,0,4,real,8,m2GT,0.76680535,0.15570837259292603
H2,chr1:265888,0,4,real,8,m3AC,0.7625255,0.15142852067947388
H2,chr1:265888,0,4,real,8,m3AG,0.8791156,0.26801860332489014
H2,chr1:265888,0,4,real,8,m3AT,0.7683257,0.15722870826721191
H2,chr1:265888,0,4,real,8,m4CA,1.0244254,0.4133284091949463
H2,chr1:265888,0,4,real,8,m4CG,0.30410314,-0.30699384212493896
H2,chr1:265888,0,4,real,8,m4CT,0.94125843,0.330161452293396
H2,chr1:265888,0,4,real,8,m5TA,0.98649234,0.37539535760879517
H2,chr1:265888,0,4,real,8,m5TC,0.9100738,0.2989768385887146
H2,chr1:265888,0,4,real,8,m5TG,1.0190318,0.4079347848892212
H2,chr1:265888,0,4,real,8,m6CA,0.6788464,0.06774944067001343
H2,chr1:265888,0,4,real,8,m6CG,0.85938257,0.24828559160232544
H2,chr1:265888,0,4,real,8,m6CT,0.6590149,0.04791790246963501
H2,chr1:265888,0,4,real,8,m7AC,0.9647319,0.35363489389419556
H2,chr1:265888,0,4,real,8,m7AG,1.1682436,0.5571466684341431
H2,chr1:265888,0,4,real,8,m7AT,0.8500821,0.2389851212501526
H2,chr1:265888,0,4,scrambled,8,TRE7,0.617961,0.006864011287689209
H2,chr1:265888,0,4,real,2,TRE7,0.39486393,-0.2162330448627472
H2,chr1:265888,0,4,real,2,CRE8,0.7234068,0.11230981349945068
H2,chr1:265888,0,4,real,6,TRE7,0.0034014634,-0.6076955148018897
H2,chr1:265888,0,4,real,6,CRE8,0.8118823,0.2007853388786316
H2,chr1:265888,0,5,real,0,empty,0.5566109,0.0
H2,chr1:265888,0,5,real,8,TRE7,1.019422,0.4628111720085144
H2,chr1:265888,0,5,real,8,CRE8,0.7430563,0.186445415019989
H2,chr1:265888,0,5,real,8,m1TA,0.57910144,0.02249056100845337
H2,chr1:265888,0,5,real,8,m1TC,0.93787736,0.3812664747238159
H2,chr1:265888,0,5,real,8,m1TG,0.709898,0.1532871127128601
H2,chr1:265888,0,5,real,8,m2GA,0.4981572,-0.05845367908477783
H2,chr1:265888,0,5,real,8,m2GC,0.7070063,0.15039539337158203
H2,chr1:265888,0,5,real,8,m2GT,1.0521619,0.49555104970932007
H2,chr1:265888,0,5,real,8,m3AC,0.7425019,0.1858910322189331
H2,chr1:265888,0,5,real,8,m3AG,0.73611015,0.17949926853179932
H2,chr1:265888,0,5,real,8,m3AT,0.58709764,0.030486762523651123
H2,chr1:265888,0,5,real,8,m4CA,1.1216277,0.5650168061256409
H2,chr1:265888,0,5,real,8,m4CG,1.0630027,0.5063918232917786
H2,chr1:265888,0,5,real,8,m4CT,1.11525,0.5586391091346741
H2,chr1:265888,0,5,real,8,m5TA,0.72320205,0.16659116744995117
H2,chr1:265888,0,5,real,8,m5TC,0.71153325,0.15492236614227295
H2,chr1:265888,0,5,real,8,m5TG,1.0382245,0.4816135764122009
H2,chr1:265888,0,5,real,8,m6CA,1.075736,0.5191251635551453
H2,chr1:265888,0,5,real,8,m6CG,0.7546363,0.1980254054069519
H2,chr1:265888,0,5,real,8,m6CT,0.5149205,-0.0416904091835022
H2,chr1:265888,0,5,real,8,m7AC,0.6395546,0.08294373750686646
H2,chr1:265888,0,5,real,8,m7AG,1.1839488,0.6273378729820251
H2,chr1:265888,0,5,real,8,m7AT,0.5403037,-0.016307175159454346
H2,chr1:265888,0,5,scrambled,8,TRE7,0.61632127,0.05971038341522217
H2,chr1:265888,0,5,real,2,TRE7,0.64246804,0.08585715293884277
H2,chr1:265888,0,5,real,2,CRE8,0.724873,0.16826212406158447
H2,chr1:265888,0,5,real,6,TRE7,1.042958,0.48634713888168335
H2,chr1:265888,0,5,real,6,CRE8,0.82670206,0.27009117603302
H2,chr1:265888,0,6,real,0,empty,0.6659438,0.0
H2,chr1:265888,0,6,real,8,TRE7,0.0735176,-0.5924262031912804
H2,chr1:265888,0,6,real,8,CRE8,0.7417556,0.07581180334091187
H2,chr1:265888,0,6,real,8,m1TA,0.711254,0.04531019926071167
H2,chr1:265888,0,6,real,8,m1TC,1.0416765,0.3757327198982239
H2,chr1:265888,0,6,real,8,m1TG,0.8393711,0.1734272837638855
H2,chr1:265888,0,6,real,8,m2GA,0.62154907,-0.044394731521606445
H2,chr1:265888,0,6,real,8,m2GC,0.7835502,0.11760640144348145
H2,chr1:265888,0,6,real,8,m2GT,0.932394,0.2664502263069153
H2,chr1:265888,0,6,real,8,m3AC,0.80488974,0.13894593715667725
H2,chr1:265888,0,6,real,8,m3AG,0.6867687,0.020824909210205078
H2,chr1:265888,0,6,real,8,m3AT,0.6199014,-0.04604238271713257
H2,chr1:265888,0,6,real,8,m4CA,1.0809375,0.4149937033653259
H2,chr1:265888,0,6,real,8,m4CG,0.12602022,-0.5399235785007477
H2,chr1:265888,0,6,real,8,m4CT,1.1290612,0.46311742067337036
H2,chr1:265888,0,6,real,8,m5TA,0.9146985,0.24875468015670776
H2,chr1:265888,0,6,real,8,m5TC,0.8810703,0.21512651443481445
H2,chr1:265888,0,6,real,8,m5TG,1.0297633,0.36381953954696655
H2,chr1:265888,0,6,real,8,m6CA,0.9133362,0.2473924160003662
H2,chr1:265888,0,6,real,8,m6CG,0.8043232,0.13837939500808716
H2,chr1:265888,0,6,real,8,m6CT,0.6594193,-0.006524503231048584
H2,chr1:265888,0,6,real,8,m7AC,0.82483536,0.15889155864715576
H2,chr1:265888,0,6,real,8,m7AG,1.0627167,0.39677292108535767
H2,chr1:265888,0,6,real,8,m7AT,0.7502597,0.08431589603424072
H2,chr1:265888,0,6,scrambled,8,TRE7,0.69970965,0.03376585245132446
H2,chr1:265888,0,6,real,2,TRE7,0.829097,0.16315317153930664
H2,chr1:265888,0,6,real,2,CRE8,0.7874066,0.12146282196044922
H2,chr1:265888,0,6,real,6,TRE7,0.39946795,-0.2664758563041687
H2,chr1:265888,0,6,real,6,CRE8,0.8448671,0.17892330884933472
H2,chr1:265888,0,7,real,0,empty,0.661328,0.0
H2,chr1:265888,0,7,real,8,TRE7,-0.3796348,-1.040962815284729
H2,chr1:265888,0,7,real,8,CRE8,0.70861375,0.04728573560714722
H2,chr1:265888,0,7,real,8,m1TA,0.7966184,0.13529038429260254
H2,chr1:265888,0,7,real,8,m1TC,1.1267754,0.4654473662376404
H2,chr1:265888,0,7,real,8,m1TG,0.8110972,0.14976918697357178
H2,chr1:265888,0,7,real,8,m2GA,0.69351315,0.032185137271881104
H2,chr1:265888,0,7,real,8,m2GC,0.7997872,0.1384592056274414
H2,chr1:265888,0,7,real,8,m2GT,0.4494068,-0.21192121505737305
H2,chr1:265888,0,7,real,8,m3AC,0.8244037,0.16307568550109863
H2,chr1:265888,0,7,real,8,m3AG,0.9033396,0.24201160669326782
H2,chr1:265888,0,7,real,8,m3AT,0.7833238,0.12199580669403076
H2,chr1:265888,0,7,real,8,m4CA,0.31040138,-0.35092663764953613
H2,chr1:265888,0,7,real,8,m4CG,-0.42937794,-1.0907059609889984
H2,chr1:265888,0,7,real,8,m4CT,0.69309926,0.03177124261856079
H2,chr1:265888,0,7,real,8,m5TA,0.9994575,0.338129460811615
H2,chr1:265888,0,7,real,8,m5TC,0.84512085,0.1837928295135498
H2,chr1:265888,0,7,real,8,m5TG,1.1975855,0.5362574458122253
H2,chr1:265888,0,7,real,8,m6CA,0.5219443,-0.1393837332725525
H2,chr1:265888,0,7,real,8,m6CG,0.816738,0.15540999174118042
H2,chr1:265888,0,7,real,8,m6CT,0.6178697,-0.04345834255218506
H2,chr1:265888,0,7,real,8,m7AC,0.7347767,0.07344865798950195
H2,chr1:265888,0,7,real,8,m7AG,1.1255425,0.4642145037651062
H2,chr1:265888,0,7,real,8,m7AT,0.70602304,0.04469501972198486
H2,chr1:265888,0,7,scrambled,8,TRE7,0.6397072,-0.02162081003189087
H2,chr1:265888,0,7,real,2,TRE7,0.83603376,0.17470574378967285
H2,chr1:265888,0,7,real,2,CRE8,0.87243956,0.21111154556274414
H2,chr1:265888,0,7,real,6,TRE7,-0.14805818,-0.8093861937522888
H2,chr1:265888,0,7,real,6,CRE8,0.9650033,0.3036752939224243
H2,chr1:265888,0,8,real,0,empty,0.47119218,0.0
H2,chr1:265888,0,8,real,8,TRE7,0.12800542,-0.34318676590919495
H2,chr1:265888,0,8,real,8,CRE8,0.6487933,0.17760109901428223
H2,chr1:265888,0,8,real,8,m1TA,0.4620605,-0.009131669998168945
H2,chr1:265888,0,8,real,8,m1TC,0.6259686,0.15477639436721802
H2,chr1:265888,0,8,real,8,m1TG,0.5293874,0.05819523334503174
H2,chr1:265888,0,8,real,8,m2GA,0.41286588,-0.05832630395889282
H2,chr1:265888,0,8,real,8,m2GC,0.51530325,0.04411107301712036
H2,chr1:265888,0,8,real,8,m2GT,0.76063955,0.2894473671913147
H2,chr1:265888,0,8,real,8,m3AC,0.48566204,0.01446986198425293
H2,chr1:265888,0,8,real,8,m3AG,0.5440794,0.07288724184036255
H2,chr1:265888,0,8,real,8,m3AT,0.45409158,-0.017100602388381958
H2,chr1:265888,0,8,real,8,m4CA,0.83465266,0.3634604811668396
H2,chr1:265888,0,8,real,8,m4CG,0.0039344183,-0.46725776279345155
H2,chr1:265888,0,8,real,8,m4CT,0.758243,0.28705084323883057
H2,chr1:265888,0,8,real,8,m5TA,0.5575865,0.0863943099975586
H2,chr1:265888,0,8,real,8,m5TC,0.5478672,0.07667499780654907
H2,chr1:265888,0,8,real,8,m5TG,0.7294729,0.2582806944847107
H2,chr1:265888,0,8,real,8,m6CA,0.897524,0.4263318181037903
H2,chr1:265888,0,8,real,8,m6CG,0.52924883,0.058056652545928955
H2,chr1:265888,0,8,real,8,m6CT,0.48176533,0.010573148727416992
H2,chr1:265888,0,8,real,8,m7AC,0.5090057,0.037813544273376465
H2,chr1:265888,0,8,real,8,m7AG,0.78301924,0.31182706356048584
H2,chr1:265888,0,8,real,8,m7AT,0.48358375,0.01239156723022461
H2,chr1:265888,0,8,scrambled,8,TRE7,0.47748858,0.006296396255493164
H2,chr1:265888,0,8,real,2,TRE7,0.462627,-0.008565187454223633
H2,chr1:265888,0,8,real,2,CRE8,0.5435923,0.07240009307861328
H2,chr1:265888,0,8,real,6,TRE7,0.37139624,-0.09979593753814697
H2,chr1:265888,0,8,real,6,CRE8,0.6652109,0.19401872158050537
H2,chr1:265888,0,9,real,0,empty,0.55931634,0.0
H2,chr1:265888,0,9,real,8,TRE7,-0.6431568,-1.2024731636047363
H2,chr1:265888,0,9,real,8,CRE8,0.7618209,0.20250457525253296
H2,chr1:265888,0,9,real,8,m1TA,0.6447069,0.08539056777954102
H2,chr1:265888,0,9,real,8,m1TC,1.0280504,0.46873408555984497
H2,chr1:265888,0,9,real,8,m1TG,0.6890995,0.12978315353393555
H2,chr1:265888,0,9,real,8,m2GA,0.516304,-0.04301232099533081
H2,chr1:265888,0,9,real,8,m2GC,0.813446,0.25412964820861816
H2,chr1:265888,0,9,real,8,m2GT,0.12781093,-0.431505411863327
H2,chr1:265888,0,9,real,8,m3AC,0.6909885,0.13167214393615723
H2,chr1:265888,0,9,real,8,m3AG,0.7606693,0.20135295391082764
H2,chr1:265888,0,9,real,8,m3AT,0.6585911,0.09927475452423096
H2,chr1:265888,0,9,real,8,m4CA,0.73451895,0.1752026081085205
H2,chr1:265888,0,9,real,8,m4CG,-0.3673721,-0.9266884326934814
H2,chr1:265888,0,9,real,8,m4CT,0.32602608,-0.23329025506973267
H2,chr1:265888,0,9,real,8,m5TA,0.9511972,0.3918808698654175
H2,chr1:265888,0,9,real,8,m5TC,0.8147933,0.2554769515991211
H2,chr1:265888,0,9,real,8,m5TG,0.66048205,0.10116571187973022
H2,chr1:265888,0,9,real,8,m6CA,0.24187833,-0.317438006401062
H2,chr1:265888,0,9,real,8,m6CG,0.68434584,0.12502950429916382
H2,chr1:265888,0,9,real,8,m6CT,0.63168776,0.07237142324447632
H2,chr1:265888,0,9,real,8,m7AC,0.90303487,0.3437185287475586
H2,chr1:265888,0,9,real,8,m7AG,0.6653934,0.10607707500457764
H2,chr1:265888,0,9,real,8,m7AT,0.87132645,0.31201010942459106
H2,chr1:265888,0,9,scrambled,8,TRE7,0.5630453,0.0037289857864379883
H2,chr1:265888,0,9,real,2,TRE7,0.6881606,0.1288442611694336
H2,chr1:265888,0,9,real,2,CRE8,0.6328218,0.0735054612159729
H2,chr1:265888,0,9,real,6,TRE7,0.097823,-0.4614933356642723
H2,chr1:265888,0,9,real,6,CRE8,0.84157825,0.2822619080543518
