response,decile,n,mean_response,AP1_FOSJUN,NFKB_RELA,CEBPB,ETS1,motif,top_frac,bottom_frac,odds_ratio,p
GM21_H3K27ac,0,11168,-1.1684702306626074,0.08613896848137535,0.009849570200573065,0.03232449856733524,0.04405444126074499,,,,,
GM21_H3K27ac,1,11167,-0.7077970626470852,0.0934001970090445,0.011820542670368049,0.027670815796543388,0.06993821079967762,,,,,
GM21_H3K27ac,2,11167,-0.4793760720972508,0.10880272230679681,0.014059281812483209,0.024088833169159128,0.061878749888063043,,,,,
GM21_H3K27ac,3,11167,-0.28825408959971344,0.12832452762604102,0.012895137458583325,0.02758126623085878,0.05605802811856363,,,,,
GM21_H3K27ac,4,11167,-0.10682323048101548,0.1545625503716307,0.017462165308498253,0.025252977523059012,0.04522253067072625,,,,,
GM21_H3K27ac,5,11167,0.08530235636977787,0.17247246350855197,0.01576072356049073,0.027670815796543388,0.03787946628458852,,,,,
GM21_H3K27ac,6,11167,0.30429671856989343,0.19888958538551088,0.020238201844721054,0.02731261753380496,0.03510342974836572,,,,,
GM21_H3K27ac,7,11167,0.5598486562514552,0.19691949494044955,0.01880540879376735,0.027133518402435747,0.03358108713172741,,,,,
GM21_H3K27ac,8,11167,0.8866572836563089,0.19611354884928808,0.02856631145338945,0.023999283603474524,0.028118563624966418,,,,,
GM21_H3K27ac,9,11167,1.4823391371988897,0.17856183397510522,0.0376108175875347,0.02579027491716665,0.033939285394465835,,,,,
GM21_H3K27ac,-1,11167,,,,,,AP1_FOSJUN,0.17856183397510522,0.08613896848137535,2.3061855807958502,5.912335500424283e-94
GM21_H3K27ac,-1,11167,,,,,,NFKB_RELA,0.0376108175875347,0.009849570200573065,3.928673541030478,7.978570111413666e-45
GM21_H3K27ac,-1,11167,,,,,,CEBPB,0.02579027491716665,0.03232449856733524,0.7925039957283837,0.004095065843531254
GM21_H3K27ac,-1,11167,,,,,,ETS1,0.033939285394465835,0.04405444126074499,0.7623277595401093,0.00010617963068768957
GM21_ATAC,0,11168,-0.7503504245193767,0.11729942693409742,0.013162607449856733,0.023549426934097423,0.045218481375358166,,,,,
GM21_ATAC,1,11167,-0.38186085254587193,0.13978687203367063,0.0153129757320677,0.024178382734843736,0.050595504611802636,,,,,
GM21_ATAC,2,11167,-0.19389296359266428,0.14524939554043162,0.014238380943852422,0.02632757231127429,0.045580728933464675,,,,,
GM21_ATAC,3,11167,-0.04222843844039053,0.15429390167457688,0.014596579206590849,0.02534252708874362,0.051222351571594875,,,,,
GM21_ATAC,4,11167,0.092365406880124,0.1502641712187696,0.01307423658995254,0.028745410584758664,0.0473717202471568,,,,,
GM21_ATAC,5,11167,0.21781292277615233,0.14856272947076207,0.01629802095459837,0.027491716665174176,0.04799856720694905,,,,,
GM21_ATAC,6,11167,0.3501392414913793,0.1588609295244918,0.020775499238828692,0.026506671442643504,0.04781946807557983,,,,,
GM21_ATAC,7,11167,0.5041642765254133,0.16763678696158324,0.02032775141040566,0.02758126623085878,0.04092415151786514,,,,,
GM21_ATAC,8,11167,0.7211457558890043,0.17059192262917525,0.023461986209366886,0.02838721232202024,0.03671532193068864,,,,,
GM21_ATAC,9,11167,1.2344491869807774,0.1616369660607146,0.03581982627384257,0.030715501029820007,0.032327393212142924,,,,,
GM21_ATAC,-1,11167,,,,,,AP1_FOSJUN,0.1616369660607146,0.11729942693409742,1.450861938223548,1.001150459997719e-21
GM21_ATAC,-1,11167,,,,,,NFKB_RELA,0.03581982627384257,0.013162607449856733,2.7852805466943904,7.408058457259652e-29
GM21_ATAC,-1,11167,,,,,,CEBPB,0.030715501029820007,0.023549426934097423,1.3139421901477915,0.000979408544138193
GM21_ATAC,-1,11167,,,,,,ETS1,0.032327393212142924,0.045218481375358166,0.7053915774697959,6.804564863175971e-07
IMR90_H3K27ac,0,11168,-1.336226695838109,0.10449498567335244,0.011282234957020057,0.022295845272206304,0.028205587392550142,,,,,
IMR90_H3K27ac,1,11167,-0.8237440699605982,0.10548938837646638,0.015492074863436912,0.02032775141040566,0.057401271603832724,,,,,
IMR90_H3K27ac,2,11167,-0.5581402706044596,0.1198173188860034,0.015671173994806126,0.021939643592728576,0.06707262469777021,,,,,
IMR90_H3K27ac,3,11167,-0.32309297802901404,0.13575714157786334,0.016118921823229156,0.023372436643682278,0.05695352377540969,,,,,
IMR90_H3K27ac,4,11167,-0.08772514747199657,0.150622369481508,0.01907405749082117,0.025611175785797437,0.04513298110504164,,,,,
IMR90_H3K27ac,5,11167,0.13839878309254947,0.17086057132622906,0.018178561833975104,0.0319691949494045,0.03931225933554222,,,,,
IMR90_H3K27ac,6,11167,0.4029923042956926,0.17865138354078983,0.01961135488492881,0.030715501029820007,0.033939285394465835,,,,,
IMR90_H3K27ac,7,11167,0.706038379811946,0.17712904092415152,0.020148652279036446,0.030178203635712365,0.03259604190919674,,,,,
IMR90_H3K27ac,8,11167,1.1258831600967136,0.1937852601414883,0.022208292289782394,0.03143189755529686,0.03734216889048088,,,,,
IMR90_H3K27ac,9,11167,2.0320520861825018,0.17757678875257454,0.029282707978866302,0.030984149726873824,0.04781946807557983,,,,,
IMR90_H3K27ac,-1,11167,,,,,,AP1_FOSJUN,0.17757678875257454,0.10449498567335244,1.8503905865123653,5.65078518734982e-56
IMR90_H3K27ac,-1,11167,,,,,,NFKB_RELA,0.029282707978866302,0.011282234957020057,2.6435995431382886,3.214207330241249e-22
IMR90_H3K27ac,-1,11167,,,,,,CEBPB,0.030984149726873824,0.022295845272206304,1.4021427174366072,5.447034161071191e-05
IMR90_H3K27ac,-1,11167,,,,,,ETS1,0.04781946807557983,0.028205587392550142,1.7303130863932144,1.3623917147394821e-14
