condition,K_total,arrangement,n_members,bases_inserted,n_seeds,raw_delta,raw_sem,scrambled_delta,scrambled_sem,adjusted_delta,adjusted_sem,adjusted_t,adjusted_p,frac_of_required
CEBPB,6,single,1,48,10,0.24552150070667267,0.06438684423166748,0.05786081403493881,0.04263419475334457,0.18766067922115326,0.048006600095391296,3.909059762954712,0.00356985698454082,0.21788683533668518
ETS1,6,single,1,42,10,0.2113686054944992,0.060777390228572745,-0.016338884830474854,0.029956085757127417,0.22770750522613525,0.06300941833800788,3.6138646602630615,0.005625305697321892,0.2643839120864868
NFKB_RELA,6,single,1,60,10,0.5215016603469849,0.042668532269935,0.10185813903808594,0.0327855074909326,0.41964349150657654,0.022136209952513593,18.95733070373535,1.4552032467918252e-08,0.4872346818447113
CEBPB+ETS1,6,clustered,2,45,10,0.14171844720840454,0.05651934026060137,0.01557436864823103,0.039918420916496694,0.12614408135414124,0.05564159662257036,2.267082452774048,0.04959907755255699,0.1464618742465973
CEBPB+ETS1,6,interleaved,2,45,10,0.12400507926940918,0.06890373319872106,0.04924874007701874,0.051707206139233276,0.07475632429122925,0.06399258715219885,1.1682029962539673,0.27273815870285034,0.08679718524217606
NFKB_RELA+CEBPB,6,clustered,2,54,10,0.37614721059799194,0.061954073355075925,0.059234775602817535,0.030496342074317936,0.3169124126434326,0.04645115347450929,6.8224873542785645,7.707803160883486e-05,0.36795690655708313
NFKB_RELA+CEBPB,6,interleaved,2,54,10,0.3300256133079529,0.05337936356166759,0.06920741498470306,0.03087609041032808,0.2608181834220886,0.05445744472101629,4.789393901824951,0.0009882301092147827,0.3028276860713959
NFKB_RELA+ETS1,6,clustered,2,51,10,0.42432183027267456,0.06853036041642944,0.03240383788943291,0.031517076235326374,0.39191797375679016,0.04702298362591336,8.33460521697998,1.5932013411656953e-05,0.4550434648990631
NFKB_RELA+ETS1,6,interleaved,2,51,10,0.4260502755641937,0.07552645860589573,0.0626162439584732,0.035737198020089796,0.3634340167045593,0.050372189693812165,7.214972972869873,5.001602039556019e-05,0.4219716489315033
NFKB_RELA+CEBPB+ETS1,6,clustered,3,50,10,0.34104111790657043,0.0619860689276914,0.03774520382285118,0.03705604232924929,0.30329591035842896,0.05713569562049494,5.308343410491943,0.0004884424270130694,0.3521472215652466
NFKB_RELA+CEBPB+ETS1,6,interleaved,3,50,10,0.21189892292022705,0.09135477675847442,0.05527909845113754,0.025443289301828834,0.1566198170185089,0.07788538520878224,2.0109012126922607,0.07521862536668777,0.1818462759256363
CEBPB,12,single,1,96,10,0.6911123991012573,0.033841354319002044,0.1074390858411789,0.032016829173368684,0.5836732983589172,0.0359210335538818,16.248788833618164,5.6223125710630484e-08,0.677684485912323
ETS1,12,single,1,84,10,0.15615464746952057,0.03594590669527367,-0.058521538972854614,0.036798362521752254,0.21467618644237518,0.03325647148186235,6.455170154571533,0.00011742994684027508,0.24925367534160614
NFKB_RELA,12,single,1,120,10,0.7419545650482178,0.04879313985890499,0.1401614397764206,0.05828166016999071,0.6017931699752808,0.048974803086514994,12.287811279296875,6.290626970439916e-07,0.6987228393554688
CEBPB+ETS1,12,clustered,2,90,10,0.4514680504798889,0.04887689380701508,0.029855508357286453,0.05736604489468273,0.42161256074905396,0.06525869295639333,6.460634231567383,0.00011668276420095935,0.4895209074020386
CEBPB+ETS1,12,interleaved,2,90,10,0.2898169159889221,0.04931187338111448,-0.0025854050181806087,0.06794554826170347,0.29240235686302185,0.08376192108636167,3.4908745288848877,0.006820757873356342,0.3394990563392639
NFKB_RELA+CEBPB,12,clustered,2,108,10,0.4481026530265808,0.04327250878310384,0.1054372787475586,0.046410247205602814,0.3426653742790222,0.07285122820156384,4.70363187789917,0.0011144563322886825,0.3978578448295593
NFKB_RELA+CEBPB,12,interleaved,2,108,10,0.2023070603609085,0.04129779293261434,0.15361687541007996,0.03659122299615321,0.04869019240140915,0.041329364410747436,1.1781015396118164,0.26896700263023376,0.05653262883424759
NFKB_RELA+ETS1,12,clustered,2,102,10,0.7403020858764648,0.03484600116264535,0.07463941723108292,0.05315257668113183,0.6656626462936401,0.048732499060084866,13.65952205657959,2.5364570888086746e-07,0.7728796601295471
NFKB_RELA+ETS1,12,interleaved,2,102,10,0.5584455728530884,0.041232105409453844,0.0746786892414093,0.04186506642441323,0.48376694321632385,0.03485820801549666,13.878133773803711,2.211700831367125e-07,0.5616863965988159
NFKB_RELA+CEBPB+ETS1,12,clustered,3,100,10,0.47172918915748596,0.06397212694950424,0.08285582810640335,0.03700977597730156,0.3888733983039856,0.07442254066824795,5.225210189819336,0.0005453974008560181,0.451508492231369
NFKB_RELA+CEBPB+ETS1,12,interleaved,3,100,10,0.3575421869754791,0.044183996205449945,0.1113261952996254,0.03154772412992005,0.24621596932411194,0.04047294801301947,6.083469867706299,0.0001828791864681989,0.28587350249290466
