condition,K_total,arrangement,n_seeds,bases_inserted,raw_delta,raw_sem,scrambled_delta,adjusted_delta,adjusted_sem,adjusted_p,frac_of_required
CEBPB,6,single,10,48,0.2455215007066726,0.0643868442316674,0.0578608140349388,0.1876606792211532,0.0480066000953912,0.0035698569845408,0.2178868353366851
CEBPB,12,single,10,96,0.6911123991012573,0.033841354319002,0.1074390858411789,0.5836732983589172,0.0359210335538818,5.6223125710630484e-08,0.677684485912323
CEBPB,18,single,10,144,0.5650880336761475,0.049401833245150135,0.20663253962993622,0.35845547914505005,0.04270755838663624,1.5055905350891408e-05,0.4161912202835083
CEBPB,20,single,10,160,0.4657657742500305,0.05108877742853694,0.20818081498146057,0.25758495926856995,0.03291544061601349,2.638387741171755e-05,0.2990736961364746
ETS1,6,single,10,42,0.2113686054944992,0.0607773902285727,-0.0163388848304748,0.2277075052261352,0.0630094183380078,0.0056253056973218,0.2643839120864868
ETS1,12,single,10,84,0.1561546474695205,0.0359459066952736,-0.0585215389728546,0.2146761864423751,0.0332564714818623,0.0001174299468402,0.2492536753416061
ETS1,18,single,10,126,0.11346789449453354,0.03002335185419457,-0.04058453068137169,0.15405242145061493,0.024885011325217418,0.00016067540855146945,0.17886535823345184
ETS1,20,single,10,140,0.02137460932135582,0.030603461272326975,-0.08082938939332962,0.10220398753881454,0.018414419211236262,0.0003563310019671917,0.11866579204797745
NFKB_RELA,6,single,10,60,0.5215016603469849,0.042668532269935,0.1018581390380859,0.4196434915065765,0.0221362099525135,1.4552032467918252e-08,0.4872346818447113
NFKB_RELA,12,single,10,120,0.7419545650482178,0.0487931398589049,0.1401614397764206,0.6017931699752808,0.0489748030865149,6.290626970439916e-07,0.6987228393554688
NFKB_RELA,18,single,10,180,0.7864311933517456,0.04028745379858525,0.21783073246479034,0.5686004757881165,0.019766692767969746,3.6123620761330244e-10,0.6601839065551758
NFKB_RELA,20,single,10,200,0.5626031160354614,0.040236510626929,0.17419619858264923,0.388406902551651,0.018255056285158323,5.257235979883035e-09,0.45096686482429504
NFKB_RELA+CEBPB+ETS1,6,clustered,10,50,0.3410411179065704,0.0619860689276914,0.0377452038228511,0.3032959103584289,0.0571356956204949,0.000488442427013,0.3521472215652466
NFKB_RELA+CEBPB+ETS1,12,clustered,10,100,0.4717291891574859,0.0639721269495042,0.0828558281064033,0.3888733983039856,0.0744225406682479,0.000545397400856,0.451508492231369
NFKB_RELA+CEBPB+ETS1,18,clustered,10,150,0.32229867577552795,0.08754817065484082,0.17681090533733368,0.14548775553703308,0.07476410636436072,0.08350708335638046,0.16892118752002716
NFKB_RELA+CEBPB+ETS1,20,clustered,10,164,0.4306648373603821,0.06395468252979547,0.15537361800670624,0.27529123425483704,0.06726590858071627,0.0027065607719123363,0.3196318745613098
NFKB_RELA+ETS1,6,clustered,10,51,0.4243218302726745,0.0685303604164294,0.0324038378894329,0.3919179737567901,0.0470229836259133,1.5932013411656953e-05,0.4550434648990631
NFKB_RELA+ETS1,12,clustered,10,102,0.7403020858764648,0.0348460011626453,0.0746394172310829,0.6656626462936401,0.0487324990600848,2.5364570888086746e-07,0.7728796601295471
NFKB_RELA+ETS1,18,clustered,10,153,0.7311429381370544,0.03203065936565534,0.18675357103347778,0.5443893671035767,0.029435554545528705,1.8087629172214292e-08,0.632073163986206
NFKB_RELA+ETS1,20,clustered,10,170,0.48293542861938477,0.035104237005130406,0.12093732506036758,0.36199814081192017,0.04021873164379524,8.532357242074795e-06,0.4203045070171356
